patient_id,age,sex,bmi,injury_severity,baseline_mobility,baseline_pain,comorbidity_score,physical_activity,risk_score
1,60,Male,30.0,Moderate,40.1,7.0,0,Moderate,41.8
2,39,Male,28.0,Mild,42.9,8.0,2,Low,45.1
3,66,Male,29.7,Mild,48.8,7.1,1,Moderate,23.1
4,69,Male,23.9,Mild,28.2,6.2,1,Low,57.0
5,26,Male,26.1,Mild,57.8,4.5,1,Moderate,14.5
6,35,Female,27.1,Mild,62.7,4.8,0,Moderate,28.0
7,57,Male,19.8,Severe,40.6,9.0,1,Low,63.4
8,50,Male,21.7,Severe,38.9,6.4,2,Moderate,78.8
9,55,Female,21.9,Mild,56.8,6.0,2,Moderate,51.2
10,42,Female,30.8,Mild,65.1,4.4,0,High,21.3
11,68,Female,28.4,Moderate,47.2,6.0,1,Low,65.8
12,67,Male,30.1,Mild,43.5,7.4,3,Low,76.1
13,56,Male,18.6,Severe,37.0,6.7,1,Low,67.2
14,72,Male,20.2,Moderate,56.0,5.3,0,High,43.2
15,62,Female,30.3,Severe,33.1,9.6,0,Moderate,78.5
16,42,Female,17.0,Mild,51.8,5.3,0,Low,34.8
17,61,Female,33.0,Severe,32.4,8.0,0,Moderate,70.5
18,41,Male,18.6,Moderate,48.0,7.1,1,Low,40.9
19,68,Male,31.2,Severe,51.5,7.9,0,Moderate,82.0
20,54,Male,23.0,Severe,18.5,8.4,3,Moderate,67.7
21,52,Male,32.1,Mild,65.4,4.3,1,Moderate,62.7
22,45,Male,42.0,Mild,43.7,4.9,1,Moderate,29.1
23,73,Male,17.0,Moderate,43.9,6.6,2,Low,58.8
24,53,Female,30.5,Severe,38.7,9.2,4,Moderate,86.6
25,49,Female,18.7,Severe,34.0,6.6,1,Moderate,73.2
26,50,Female,29.2,Moderate,44.4,7.4,1,Low,48.8
27,63,Female,26.2,Moderate,43.1,6.8,1,High,72.4
28,60,Female,27.8,Mild,62.6,4.8,1,Moderate,40.3
29,61,Female,22.9,Mild,58.5,7.6,0,High,27.6
30,61,Male,30.9,Moderate,28.4,8.5,1,Moderate,65.9
31,85,Female,20.4,Mild,39.7,6.9,2,Low,76.4
32,49,Male,33.0,Mild,58.6,4.3,0,Moderate,49.2
33,47,Male,25.3,Moderate,51.4,6.1,2,Moderate,57.3
34,43,Male,20.6,Moderate,42.1,7.0,0,Low,34.9
35,64,Male,34.7,Moderate,47.6,7.3,2,Moderate,56.9
36,72,Female,26.9,Mild,47.2,6.0,0,Moderate,24.5
37,53,Male,36.2,Mild,57.0,6.4,0,Low,35.6
38,42,Female,32.9,Moderate,54.8,6.1,0,High,43.9
39,43,Male,23.4,Severe,24.5,8.3,4,Low,85.6
40,65,Female,26.8,Mild,42.3,6.1,2,Moderate,59.9
41,66,Female,27.8,Severe,47.3,8.6,1,Moderate,55.5
42,63,Male,34.4,Severe,21.7,9.0,4,Moderate,87.7
43,45,Male,29.3,Moderate,35.7,8.2,0,Low,61.5
44,58,Female,28.0,Moderate,45.7,5.3,3,Moderate,33.0
45,57,Male,26.3,Mild,71.3,7.5,0,Moderate,38.5
46,58,Female,27.0,Moderate,35.5,6.9,1,High,78.1
47,68,Male,33.3,Moderate,45.6,7.3,2,Low,80.9
48,58,Female,27.2,Mild,43.5,4.6,1,Low,47.7
49,65,Female,25.3,Mild,28.2,8.0,0,Moderate,35.0
50,56,Female,24.5,Moderate,17.6,6.1,1,Low,65.8
51,59,Female,24.6,Moderate,31.4,7.5,1,Moderate,74.8
52,64,Female,20.6,Severe,29.8,7.5,2,Moderate,76.5
53,33,Female,23.7,Mild,63.9,6.0,1,Moderate,39.4
54,50,Female,34.2,Mild,41.6,6.4,2,High,44.0
55,48,Female,26.2,Severe,15.5,8.7,2,Moderate,87.0
56,45,Male,30.5,Mild,52.5,6.6,2,High,47.6
57,51,Female,17.0,Mild,46.1,3.8,2,Moderate,43.7
58,77,Male,29.9,Severe,21.5,7.7,2,Low,87.4
59,42,Male,26.4,Severe,22.1,6.9,2,Moderate,69.2
60,70,Female,24.9,Moderate,44.7,9.0,3,Moderate,79.7
61,30,Male,28.1,Mild,63.5,5.0,0,High,16.3
62,50,Female,24.9,Moderate,28.3,6.7,1,Low,61.3
63,57,Female,17.2,Severe,27.0,7.0,0,Moderate,64.3
64,64,Male,31.5,Severe,38.7,7.9,4,High,73.3
65,66,Male,28.3,Mild,46.8,6.6,1,Low,49.2
66,67,Male,25.7,Severe,31.1,6.8,2,Moderate,63.7
67,50,Female,22.7,Moderate,35.8,7.2,0,Moderate,44.7
68,48,Male,20.3,Mild,60.5,6.4,2,Low,53.5
69,68,Female,28.3,Mild,58.1,6.2,0,Low,47.0
70,52,Female,34.8,Mild,50.1,6.6,0,High,33.4
71,36,Female,28.2,Severe,32.1,10.0,1,Low,63.2
72,38,Male,20.7,Mild,38.8,4.5,2,Moderate,48.7
73,41,Female,28.3,Moderate,58.9,5.5,1,Moderate,40.2
74,62,Male,26.9,Mild,35.5,6.0,0,Moderate,44.0
75,57,Male,31.3,Moderate,51.7,5.8,1,Moderate,72.9
76,65,Male,30.1,Moderate,38.5,8.4,3,Low,56.7
77,49,Male,17.0,Severe,36.4,8.6,1,High,62.5
78,57,Male,29.8,Moderate,63.6,8.2,1,Low,56.1
79,64,Female,22.5,Moderate,35.1,6.0,1,Low,68.1
80,50,Female,20.5,Moderate,40.2,5.8,2,High,42.6
81,62,Male,26.3,Moderate,39.9,6.6,1,Low,54.4
82,45,Female,29.1,Severe,27.8,6.8,1,Low,73.0
83,50,Female,19.5,Moderate,28.0,6.6,0,High,37.6
84,49,Female,30.5,Severe,36.8,8.2,2,Low,78.3
85,37,Female,30.8,Mild,60.8,5.2,1,Low,45.1
86,62,Female,27.4,Moderate,29.0,9.2,0,Moderate,36.4
87,48,Female,23.1,Severe,46.5,7.4,2,Moderate,71.6
88,55,Male,22.6,Severe,44.8,7.2,1,High,60.5
89,62,Female,32.0,Moderate,19.0,7.6,2,Moderate,70.3
90,62,Male,20.1,Moderate,32.2,8.0,2,High,53.6
91,65,Male,32.2,Severe,21.3,8.1,0,Low,66.6
92,54,Female,26.4,Mild,40.2,6.1,0,Moderate,35.2
93,49,Male,26.7,Severe,26.9,7.7,1,Low,92.3
94,54,Male,19.2,Mild,44.2,5.5,2,High,35.6
95,30,Male,26.5,Mild,53.6,6.4,2,High,20.1
96,33,Female,30.1,Severe,38.1,5.9,2,Low,66.8
97,35,Female,20.9,Mild,45.7,7.2,2,High,40.2
98,40,Female,29.5,Mild,62.9,4.8,3,Moderate,33.2
99,61,Male,27.6,Mild,59.3,6.8,0,Low,54.0
100,41,Male,24.2,Severe,29.8,6.4,1,Moderate,46.4
101,49,Male,31.2,Moderate,48.6,7.1,2,High,55.8
102,74,Male,17.0,Severe,21.6,8.3,4,Low,92.4
103,50,Male,28.8,Mild,58.1,6.5,0,Low,45.7
104,66,Male,34.8,Moderate,41.3,7.6,3,High,75.9
105,41,Female,34.0,Mild,55.4,7.8,1,Moderate,40.1
106,52,Male,29.0,Mild,60.4,3.8,1,Moderate,48.8
107,41,Female,25.8,Mild,39.5,9.2,1,Moderate,24.6
108,50,Female,24.2,Mild,43.5,7.8,2,Moderate,34.6
109,68,Female,25.8,Moderate,49.8,4.7,3,Low,72.6
110,29,Male,29.8,Moderate,47.8,7.2,0,Low,62.6
111,62,Female,23.4,Moderate,39.0,6.5,2,High,62.4
112,59,Female,30.8,Moderate,50.8,6.9,0,Moderate,59.0
113,46,Female,37.2,Moderate,35.1,8.2,2,Moderate,61.3
114,33,Female,26.9,Moderate,31.8,8.9,3,High,62.3
115,56,Female,20.9,Severe,22.1,6.8,2,Low,67.3
116,47,Male,20.9,Severe,34.7,9.4,2,High,65.3
117,58,Male,30.8,Severe,39.9,5.4,0,Moderate,67.3
118,55,Female,26.9,Mild,47.9,5.0,2,High,33.8
119,79,Female,31.3,Moderate,31.6,8.0,1,Low,70.2
120,51,Female,24.7,Severe,26.0,8.3,3,Low,85.1
121,40,Female,31.1,Severe,26.0,9.0,3,Moderate,79.6
122,58,Male,26.5,Moderate,32.8,6.8,0,High,61.0
123,58,Male,23.8,Moderate,32.1,6.8,1,High,27.9
124,75,Male,25.3,Severe,31.6,8.1,2,Moderate,90.6
125,68,Female,21.6,Severe,38.4,6.8,1,Moderate,70.6
126,60,Male,36.5,Mild,58.7,5.9,2,Low,69.0
127,77,Female,26.7,Mild,29.7,6.3,1,Moderate,44.2
128,37,Female,30.2,Severe,27.0,8.2,2,High,72.8
129,45,Male,24.7,Moderate,31.7,7.8,2,Moderate,45.3
130,41,Male,22.3,Mild,46.6,5.4,3,Moderate,28.0
131,49,Male,26.1,Mild,75.3,6.0,1,High,32.8
132,34,Male,32.4,Moderate,48.6,8.7,1,Low,25.3
133,65,Male,24.8,Moderate,32.3,7.8,0,Moderate,42.0
134,52,Male,23.1,Severe,30.1,7.4,2,Moderate,81.9
135,33,Female,27.9,Mild,57.4,5.2,2,Moderate,27.3
136,40,Female,29.5,Mild,52.2,6.6,0,Moderate,20.6
137,60,Female,34.9,Moderate,39.5,6.4,0,Moderate,72.9
138,68,Female,28.9,Mild,41.1,5.3,0,Low,65.8
139,85,Female,30.2,Moderate,25.7,8.5,3,Low,83.3
140,85,Female,30.6,Moderate,57.8,8.5,0,Moderate,75.8
141,61,Male,21.8,Mild,67.7,4.9,0,Moderate,50.5
142,40,Male,22.7,Moderate,36.2,7.9,1,Moderate,52.5
143,23,Male,22.1,Mild,53.3,5.0,0,Moderate,18.8
144,59,Female,20.9,Moderate,32.3,10.0,2,Low,70.9
145,43,Male,30.9,Moderate,39.4,5.8,1,Moderate,34.3
146,49,Female,28.6,Moderate,38.5,7.2,0,Moderate,56.2
147,46,Female,27.6,Severe,33.2,7.7,0,Moderate,59.6
148,53,Female,17.0,Mild,42.7,7.0,2,Moderate,43.2
149,71,Female,36.9,Severe,15.5,6.3,1,Low,85.2
150,57,Female,23.0,Mild,48.4,5.5,2,Low,39.1
151,53,Male,36.8,Severe,36.0,8.6,3,Low,86.3
152,39,Male,20.4,Mild,47.2,7.5,2,Moderate,22.9
153,30,Male,23.4,Moderate,37.6,7.4,3,Low,55.9
154,48,Female,17.0,Mild,41.1,7.8,1,Low,28.0
155,54,Male,28.9,Mild,38.0,5.0,0,High,20.3
156,82,Male,22.0,Mild,48.8,6.4,0,Moderate,21.0
157,57,Female,22.2,Mild,68.8,4.7,0,Moderate,25.7
158,70,Male,20.7,Mild,55.3,5.8,1,Moderate,50.5
159,48,Female,30.9,Mild,49.5,6.7,2,Low,48.0
160,37,Female,30.5,Moderate,48.2,7.1,0,Low,63.9
161,41,Female,35.7,Moderate,50.8,6.9,2,High,41.6
162,44,Female,24.0,Mild,56.1,5.0,0,Moderate,21.2
163,85,Female,28.2,Severe,33.4,9.5,1,Moderate,87.8
164,43,Female,21.1,Moderate,35.6,3.8,1,High,44.3
165,68,Female,25.6,Mild,56.8,6.8,0,Low,46.2
166,41,Male,24.8,Mild,43.3,7.0,1,Moderate,56.3
167,69,Female,29.4,Moderate,35.2,8.7,2,Low,70.3
168,61,Female,32.0,Moderate,46.4,8.4,0,Moderate,49.7
169,53,Female,31.9,Severe,31.8,7.2,0,High,52.9
170,54,Male,23.2,Moderate,46.4,5.7,2,Low,59.8
171,45,Male,31.9,Severe,36.3,8.9,1,High,76.2
172,62,Male,27.0,Moderate,39.6,7.6,1,Moderate,66.1
173,48,Female,25.7,Severe,32.7,6.8,0,Moderate,77.2
174,37,Female,23.9,Moderate,52.4,6.5,1,Low,56.4
175,36,Male,24.6,Moderate,44.3,8.2,3,Moderate,30.4
176,58,Female,35.4,Moderate,44.7,6.1,2,Moderate,70.6
177,79,Male,28.6,Severe,27.3,9.6,0,Low,81.1
178,57,Male,28.0,Mild,41.6,6.5,1,Moderate,39.4
179,53,Female,26.0,Mild,29.0,5.6,3,Low,71.0
180,59,Male,38.7,Mild,44.7,7.2,1,High,38.8
181,75,Male,33.3,Mild,44.4,5.4,2,Moderate,62.1
182,58,Female,23.8,Severe,38.0,9.1,0,Moderate,58.5
183,49,Female,25.9,Moderate,30.9,8.1,1,Moderate,37.9
184,72,Female,26.2,Mild,41.5,4.3,1,Moderate,37.6
185,61,Male,27.9,Moderate,36.8,7.3,0,High,41.5
186,78,Female,23.9,Mild,47.0,7.0,0,High,42.4
187,58,Female,29.3,Moderate,66.8,7.1,1,Low,49.5
188,37,Male,34.0,Severe,42.8,8.3,2,Moderate,84.9
189,34,Female,21.0,Mild,53.4,4.2,0,Moderate,15.8
190,80,Female,21.9,Mild,62.3,5.5,0,Low,43.3
191,81,Male,24.9,Severe,40.2,5.3,2,Moderate,81.1
192,52,Female,25.1,Moderate,47.5,7.2,0,Low,56.6
193,49,Female,36.6,Severe,15.5,7.8,1,High,74.9
194,77,Female,31.9,Mild,46.0,6.1,1,Moderate,74.6
195,38,Female,31.6,Mild,57.1,4.3,1,Moderate,24.8
196,42,Female,26.0,Moderate,25.9,7.9,1,Moderate,55.2
197,65,Male,25.9,Mild,67.1,5.6,1,High,32.4
198,49,Male,20.4,Severe,29.0,7.2,1,Moderate,79.2
199,55,Female,30.9,Moderate,57.7,9.0,0,High,50.9
200,53,Male,29.5,Mild,46.9,7.8,1,High,36.2
201,60,Male,33.2,Moderate,24.2,5.9,0,Low,46.5
202,76,Male,26.2,Severe,16.3,8.4,3,Low,85.6
203,56,Male,26.5,Severe,59.7,8.7,2,Low,70.8
204,65,Male,28.0,Mild,39.9,7.4,1,Moderate,38.4
205,24,Male,31.4,Severe,52.7,8.4,2,Moderate,55.8
206,54,Female,20.3,Mild,46.9,5.2,1,Low,38.0
207,42,Male,30.7,Severe,34.7,9.9,1,High,61.2
208,37,Female,27.1,Moderate,44.1,8.6,1,Low,48.5
209,42,Female,22.2,Mild,45.0,6.7,0,Moderate,23.6
210,50,Male,17.4,Moderate,47.5,5.3,1,Moderate,41.9
211,69,Female,26.6,Moderate,52.2,7.9,0,Moderate,56.0
212,35,Female,34.0,Moderate,46.9,6.4,2,Low,49.2
213,55,Female,35.1,Mild,46.9,7.4,3,Moderate,46.6
214,48,Female,28.9,Severe,34.2,6.0,1,Moderate,70.9
215,50,Male,36.4,Severe,46.3,7.4,0,Low,48.7
216,70,Male,27.0,Mild,67.5,6.1,1,Moderate,70.1
217,63,Female,31.7,Mild,60.0,7.1,0,Moderate,44.9
218,75,Female,25.1,Severe,21.9,9.2,2,Moderate,84.6
219,53,Female,24.8,Moderate,40.6,7.2,4,Moderate,63.7
220,45,Female,24.0,Mild,77.2,3.9,0,Moderate,26.1
221,52,Male,17.5,Severe,41.9,7.4,2,High,57.3
222,59,Male,33.2,Mild,49.9,6.3,2,Moderate,54.8
223,58,Female,24.2,Severe,19.3,8.9,1,Low,61.0
224,39,Female,23.4,Moderate,37.9,5.2,0,Moderate,29.5
225,56,Male,21.7,Mild,40.2,6.8,2,Moderate,36.0
226,58,Male,26.2,Severe,40.9,8.4,0,High,78.2
227,85,Female,35.5,Moderate,34.7,8.4,1,Moderate,59.0
228,83,Female,37.0,Mild,35.1,6.4,1,Low,65.6
229,42,Female,19.4,Severe,47.7,8.8,2,Moderate,46.7
230,51,Male,25.5,Severe,18.0,10.0,1,Low,76.0
231,33,Female,22.3,Severe,13.5,9.5,2,High,80.5
232,46,Female,31.8,Mild,65.1,4.1,0,High,29.1
233,60,Male,28.5,Mild,56.8,7.4,3,Moderate,28.6
234,73,Male,24.2,Moderate,43.6,7.6,0,Moderate,58.3
235,44,Female,27.5,Severe,33.5,7.5,2,Moderate,68.6
236,45,Female,25.0,Mild,57.2,3.8,1,Moderate,44.7
237,23,Female,34.8,Moderate,38.4,6.5,1,Low,50.6
238,53,Male,29.8,Mild,58.5,6.3,5,High,36.1
239,39,Female,30.3,Moderate,41.8,8.6,3,Low,66.6
240,47,Male,17.0,Moderate,54.5,8.0,0,Low,41.9
241,42,Male,26.9,Mild,47.6,7.1,2,Low,21.1
242,54,Male,37.0,Moderate,57.8,5.7,1,High,51.4
243,29,Male,33.4,Moderate,55.1,7.3,0,High,34.7
244,33,Female,18.5,Mild,50.5,4.9,1,Moderate,34.3
245,85,Female,25.7,Severe,35.6,9.2,0,Low,87.9
246,36,Male,21.6,Mild,59.9,4.8,0,High,17.7
247,39,Female,35.2,Mild,52.7,6.8,2,Moderate,23.8
248,83,Female,28.3,Moderate,57.7,7.0,0,High,44.3
249,85,Female,23.6,Moderate,43.6,7.6,1,High,62.0
250,37,Female,27.4,Mild,63.1,4.7,1,Moderate,41.2
251,49,Female,17.0,Severe,30.1,10.0,1,Low,75.9
252,60,Male,22.1,Mild,39.2,7.3,1,Moderate,40.7
253,81,Male,27.4,Mild,48.6,5.9,0,High,35.0
254,40,Male,31.2,Severe,37.1,7.7,0,Moderate,61.4
255,51,Male,18.1,Severe,36.0,9.8,0,High,80.3
256,67,Female,25.4,Moderate,32.0,7.7,0,Moderate,56.7
257,62,Male,31.9,Mild,34.0,6.3,1,High,37.6
258,49,Female,20.4,Mild,54.8,5.2,0,Moderate,29.0
259,53,Female,28.3,Mild,49.2,7.4,0,Low,32.7
260,34,Male,27.5,Moderate,49.5,7.1,4,Moderate,44.4
261,51,Female,35.3,Moderate,25.0,8.3,2,Low,50.7
262,51,Female,26.1,Mild,39.6,5.6,0,Moderate,24.8
263,58,Female,26.4,Moderate,35.0,8.7,1,High,66.2
264,47,Female,31.2,Moderate,39.9,7.3,0,Low,67.7
265,62,Female,21.0,Mild,37.1,7.4,1,High,24.7
266,70,Male,26.2,Mild,26.6,5.8,3,Low,59.7
267,57,Male,25.1,Severe,32.1,8.0,2,Moderate,77.9
268,60,Female,26.5,Mild,66.2,4.6,0,High,21.4
269,56,Male,31.2,Mild,40.2,5.8,2,Moderate,59.9
270,55,Female,29.8,Mild,50.9,6.8,2,High,47.5
271,44,Male,23.7,Moderate,36.8,8.3,0,High,45.0
272,60,Female,27.8,Moderate,38.2,7.5,1,Moderate,58.1
273,54,Female,34.2,Moderate,31.8,6.6,0,Moderate,34.2
274,85,Female,23.3,Moderate,39.9,10.0,2,Low,87.0
275,79,Male,27.9,Moderate,42.6,6.5,1,Moderate,72.5
276,61,Male,26.3,Mild,49.3,6.9,3,Low,57.8
277,44,Male,26.9,Severe,40.7,8.3,2,High,61.9
278,38,Male,19.5,Severe,38.6,8.7,2,Moderate,63.2
279,73,Female,33.8,Moderate,50.9,7.3,0,Moderate,65.3
280,59,Female,23.6,Mild,52.6,5.1,1,High,46.7
281,62,Female,32.0,Severe,15.6,8.7,2,Low,92.5
282,29,Female,24.3,Mild,62.0,4.3,0,High,14.5
283,69,Female,24.3,Mild,57.6,6.5,1,Low,47.6
284,62,Female,32.9,Severe,40.4,8.8,1,Moderate,53.8
285,38,Female,31.9,Mild,46.2,5.7,1,Moderate,13.5
286,48,Male,28.2,Mild,71.8,3.4,0,Moderate,30.4
287,59,Female,30.8,Moderate,35.9,6.5,2,Moderate,56.1
288,56,Male,25.8,Moderate,54.9,6.4,1,Moderate,30.7
289,51,Male,27.2,Moderate,44.7,7.6,2,High,38.8
290,53,Female,24.1,Mild,48.2,5.8,0,Low,40.5
291,51,Female,31.4,Moderate,58.9,7.8,0,Low,58.5
292,57,Male,23.9,Mild,43.3,8.7,3,Low,39.5
293,77,Male,34.2,Severe,25.3,7.6,2,Moderate,91.1
294,18,Female,25.7,Mild,55.0,6.6,2,Low,27.5
295,51,Female,27.3,Mild,41.0,6.3,1,Low,45.8
296,58,Male,30.8,Moderate,36.1,6.3,1,High,54.4
297,59,Male,27.3,Mild,30.5,6.4,0,High,30.0
298,49,Female,25.8,Moderate,27.6,7.6,0,High,33.4
299,29,Female,27.1,Mild,54.4,6.5,0,Low,26.8
300,60,Male,31.4,Moderate,41.9,7.7,0,Moderate,57.9
301,81,Female,24.1,Mild,42.5,7.3,1,Low,53.0
302,32,Male,26.6,Mild,57.0,5.1,0,Moderate,23.8
303,68,Female,27.2,Mild,55.4,5.5,0,Moderate,49.5
304,50,Female,31.3,Mild,46.7,5.7,1,High,28.0
305,54,Female,26.7,Mild,64.7,3.7,2,Moderate,44.6
306,39,Female,35.7,Moderate,53.1,5.8,0,Low,49.7
307,50,Male,26.5,Severe,34.4,8.6,2,Moderate,83.2
308,75,Female,26.1,Mild,49.0,6.5,2,High,30.7
309,64,Male,26.4,Mild,56.5,7.6,1,Low,62.2
310,81,Female,21.0,Mild,42.1,6.8,0,High,33.3
311,73,Male,22.3,Mild,42.4,5.8,1,Low,74.8
312,62,Male,24.7,Moderate,30.3,6.1,0,Low,64.8
313,81,Male,32.5,Moderate,65.1,4.3,0,High,62.6
314,62,Female,27.0,Severe,22.7,8.0,2,Low,81.6
315,67,Male,24.9,Severe,25.6,6.2,2,Moderate,85.2
316,51,Male,33.0,Mild,45.7,5.3,1,Low,56.2
317,56,Male,34.5,Mild,61.6,4.3,2,Moderate,45.5
318,45,Female,33.1,Mild,44.4,7.9,2,Moderate,53.3
319,70,Female,23.2,Mild,50.4,5.3,3,High,15.4
320,37,Female,24.9,Moderate,39.8,5.7,0,High,32.1
321,67,Male,35.7,Mild,50.0,6.4,3,Moderate,60.0
322,52,Male,28.3,Mild,38.9,5.8,0,Moderate,40.4
323,73,Female,25.9,Mild,58.7,7.1,0,Low,57.9
324,66,Male,30.6,Moderate,58.9,6.5,1,Moderate,60.0
325,82,Male,31.9,Mild,49.5,7.4,2,Moderate,54.5
326,66,Female,24.5,Severe,40.1,10.0,1,Low,86.3
327,31,Female,28.2,Mild,60.5,6.1,0,High,28.7
328,54,Male,31.6,Mild,69.5,4.4,1,Low,50.4
329,37,Male,21.7,Mild,50.0,5.6,0,Low,28.5
330,47,Female,27.3,Moderate,44.0,5.7,0,High,71.0
331,78,Male,22.0,Moderate,35.5,7.4,0,Moderate,60.5
332,65,Male,22.6,Moderate,45.4,7.2,2,Moderate,68.2
333,45,Male,24.6,Mild,65.7,4.9,1,Low,56.7
334,40,Male,29.4,Mild,53.6,6.5,1,Moderate,49.8
335,55,Male,25.7,Mild,46.1,7.0,1,Moderate,48.7
336,37,Female,24.2,Moderate,58.9,5.7,1,Low,40.9
337,45,Female,27.4,Moderate,49.4,5.9,1,Moderate,50.8
338,60,Female,21.8,Moderate,32.8,5.0,1,Low,66.6
339,72,Female,29.2,Severe,19.3,9.3,2,Low,93.8
340,64,Male,32.5,Moderate,29.0,8.3,0,Low,87.2
341,21,Female,26.8,Severe,38.3,9.7,1,Low,59.9
342,60,Female,26.2,Moderate,47.8,5.5,1,Low,72.5
343,56,Female,29.0,Moderate,35.9,6.1,1,Moderate,46.7
344,61,Female,17.7,Moderate,22.4,10.0,0,Moderate,52.0
345,79,Female,29.7,Mild,48.5,6.3,1,Low,44.6
346,24,Male,41.8,Mild,58.8,3.9,0,Moderate,46.5
347,46,Male,26.6,Moderate,31.2,9.7,3,Low,71.6
348,64,Female,26.6,Mild,46.9,5.2,2,Moderate,47.9
349,31,Male,30.7,Mild,55.8,6.8,0,High,21.7
350,77,Male,34.9,Severe,17.6,7.9,3,Moderate,89.8
351,61,Female,31.8,Moderate,34.1,9.5,3,Moderate,77.3
352,68,Male,17.1,Mild,47.9,4.4,0,Low,34.5
353,46,Female,29.8,Mild,61.5,6.4,2,Low,29.0
354,67,Female,39.3,Severe,34.7,9.3,2,Moderate,73.1
355,71,Male,30.1,Severe,43.5,8.1,1,Moderate,64.2
356,58,Female,21.8,Moderate,43.2,6.9,0,Moderate,52.5
357,59,Male,28.5,Mild,31.6,7.9,2,High,34.5
358,59,Male,21.2,Mild,52.4,5.7,1,Moderate,49.5
359,42,Male,33.0,Mild,57.9,4.7,1,High,32.9
360,53,Male,22.7,Moderate,47.2,7.2,0,Moderate,27.7
361,53,Male,27.5,Moderate,25.6,6.8,1,Low,57.3
362,61,Male,23.2,Severe,8.3,9.3,2,Low,63.0
363,70,Female,24.6,Mild,52.8,7.0,0,Moderate,26.9
364,39,Female,34.2,Severe,41.5,7.4,2,Low,74.7
365,53,Male,27.7,Mild,39.6,5.6,2,Moderate,31.1
366,77,Female,24.6,Moderate,35.8,5.8,2,Moderate,84.9
367,44,Female,21.8,Moderate,41.8,6.3,1,Moderate,61.2
368,43,Female,18.4,Moderate,63.0,7.0,0,Moderate,37.2
369,58,Male,21.3,Severe,30.9,7.9,0,Moderate,80.7
370,68,Female,27.7,Moderate,21.8,8.1,3,Moderate,62.7
371,55,Female,31.8,Severe,31.2,7.7,2,High,70.5
372,75,Female,24.6,Mild,54.6,5.9,0,Low,56.0
373,68,Female,34.6,Mild,44.6,7.6,1,High,29.7
374,68,Male,23.8,Mild,50.2,6.5,2,Low,63.4
375,63,Female,26.1,Mild,47.1,6.0,3,Low,60.1
376,85,Male,22.1,Severe,38.6,7.3,2,Moderate,86.7
377,52,Male,31.9,Mild,44.7,7.0,1,Low,69.4
378,25,Female,37.1,Mild,61.2,4.4,1,Low,39.6
379,79,Male,18.9,Mild,46.3,4.5,0,Low,49.5
380,48,Male,25.6,Moderate,50.7,7.2,1,Moderate,34.5
381,57,Male,33.1,Severe,35.6,7.2,0,Moderate,71.2
382,75,Female,20.4,Severe,27.0,7.9,1,Low,79.1
383,31,Female,29.9,Mild,82.1,4.8,0,Moderate,22.7
384,36,Male,32.9,Moderate,30.8,5.1,2,Low,54.7
385,31,Male,27.6,Mild,40.2,5.2,2,High,34.4
386,43,Male,29.8,Severe,16.8,9.0,0,Low,60.7
387,62,Male,35.5,Mild,51.1,5.5,2,Moderate,50.9
388,63,Female,36.4,Severe,44.0,7.6,0,Moderate,66.3
389,59,Male,26.9,Severe,42.9,8.2,0,Moderate,47.4
390,34,Female,24.7,Moderate,56.9,7.2,0,High,29.4
391,20,Male,22.9,Severe,40.1,8.3,4,Moderate,77.5
392,56,Female,31.8,Mild,49.7,3.8,1,Moderate,31.2
393,48,Female,20.8,Mild,58.2,6.7,1,Moderate,36.5
394,62,Male,26.0,Mild,52.8,7.2,1,Moderate,35.4
395,66,Male,27.7,Mild,53.6,6.9,0,Moderate,27.3
396,57,Male,24.8,Moderate,41.3,5.0,1,Low,69.3
397,66,Female,28.5,Moderate,43.8,7.6,0,Low,53.7
398,58,Female,39.3,Severe,43.4,10.0,0,Low,82.8
399,63,Male,26.6,Severe,29.9,6.8,1,High,52.7
400,44,Female,25.2,Mild,34.8,9.5,2,Moderate,44.6
401,52,Female,32.0,Mild,50.3,5.7,0,Low,46.0
402,58,Male,28.3,Mild,60.5,6.0,0,Moderate,37.1
403,67,Female,34.0,Mild,52.4,6.1,0,Moderate,53.2
404,49,Male,28.0,Moderate,41.7,7.5,2,Moderate,68.6
405,63,Female,26.0,Severe,19.7,7.9,1,Moderate,78.1
406,51,Male,18.8,Moderate,68.8,6.0,1,Moderate,62.4
407,53,Male,19.6,Moderate,31.2,6.5,0,Low,49.7
408,67,Male,18.6,Severe,17.5,8.5,1,Moderate,81.2
409,25,Male,29.0,Moderate,39.0,6.4,2,Low,55.6
410,36,Female,20.8,Severe,44.5,8.7,1,Low,85.0
411,33,Male,33.1,Moderate,55.3,6.1,0,Moderate,46.6
412,20,Male,27.3,Moderate,59.5,6.6,0,Moderate,23.7
413,45,Male,26.1,Mild,47.4,5.8,1,High,30.4
414,66,Male,23.2,Severe,21.2,10.0,0,Low,65.3
415,51,Male,30.1,Mild,47.6,6.8,1,Moderate,45.0
416,58,Male,23.4,Mild,39.2,4.4,3,High,52.3
417,71,Male,22.6,Moderate,51.4,8.7,1,Moderate,52.1
418,75,Female,32.8,Mild,43.4,3.8,4,High,48.4
419,54,Female,28.9,Mild,48.8,6.4,1,High,35.4
420,75,Male,26.1,Mild,50.2,6.9,1,High,31.5
421,56,Female,30.2,Moderate,48.1,6.9,1,High,41.5
422,42,Male,27.2,Moderate,46.3,8.4,1,Moderate,46.6
423,46,Male,29.0,Severe,18.3,9.4,2,Moderate,80.3
424,33,Female,23.4,Severe,64.6,7.8,0,High,34.0
425,42,Male,36.9,Mild,61.2,5.1,0,High,19.3
426,50,Male,24.5,Severe,13.3,8.6,1,Low,91.0
427,67,Male,34.5,Moderate,38.2,9.4,1,Low,85.8
428,81,Female,26.3,Mild,42.4,7.2,0,Low,63.2
429,34,Male,31.0,Severe,36.0,8.2,1,High,61.2
430,61,Female,30.7,Severe,28.0,8.0,4,Low,91.9
431,39,Male,32.6,Mild,27.9,7.1,2,Low,41.1
432,62,Female,23.2,Severe,60.9,5.9,1,Moderate,41.9
433,53,Male,32.3,Mild,62.5,4.4,0,Low,31.5
434,28,Male,35.9,Severe,46.1,6.2,2,High,57.4
435,69,Male,26.0,Moderate,56.7,6.9,1,Moderate,61.8
436,46,Female,27.4,Mild,42.3,6.6,2,Low,52.0
437,47,Male,24.7,Severe,27.4,7.4,2,Low,89.3
438,39,Male,25.6,Moderate,32.5,5.0,0,Moderate,44.0
439,45,Female,35.2,Mild,71.8,4.1,0,Moderate,22.1
440,61,Male,22.5,Severe,13.7,7.3,4,Moderate,83.3
441,52,Male,22.8,Moderate,49.9,6.2,0,Moderate,54.7
442,60,Male,34.8,Moderate,37.1,5.6,2,High,62.0
443,60,Male,30.1,Severe,35.6,8.9,0,Moderate,63.4
444,75,Male,37.2,Mild,41.3,5.2,3,Moderate,66.1
445,50,Male,25.1,Mild,38.2,6.7,1,Moderate,25.2
446,33,Male,27.8,Moderate,53.9,7.4,0,High,23.9
447,71,Female,24.1,Mild,43.8,5.6,5,Moderate,70.7
448,50,Male,27.9,Moderate,47.6,8.0,1,Moderate,45.9
449,72,Male,18.9,Severe,23.5,9.9,1,High,71.2
450,61,Male,30.4,Severe,25.5,10.0,1,High,72.3
451,53,Male,28.7,Moderate,42.1,7.0,1,Moderate,54.4
452,60,Female,26.9,Moderate,41.2,7.6,0,Moderate,42.0
453,84,Female,25.4,Severe,38.4,8.7,2,Moderate,85.1
454,85,Female,23.0,Severe,28.0,9.9,1,Moderate,74.3
455,56,Female,30.6,Mild,54.7,5.9,0,Low,58.5
456,57,Female,21.7,Moderate,41.2,4.4,0,Moderate,44.5
457,71,Female,29.6,Mild,42.6,7.0,0,Moderate,44.2
458,42,Male,36.9,Mild,58.3,8.3,0,Moderate,41.4
459,60,Female,34.2,Mild,59.7,5.2,0,High,28.8
460,55,Female,20.1,Moderate,32.1,8.5,0,Low,46.8
461,60,Female,24.7,Severe,39.6,6.5,0,High,71.2
462,42,Female,29.2,Severe,37.7,6.3,1,Low,56.4
463,31,Female,26.9,Moderate,31.8,5.9,2,Low,41.4
464,24,Male,20.6,Moderate,56.7,7.1,2,Low,56.6
465,38,Male,29.0,Mild,50.3,5.5,0,Moderate,24.3
466,48,Female,27.2,Mild,44.4,5.8,2,Moderate,33.3
467,51,Male,36.2,Mild,45.0,6.5,0,Low,35.0
468,84,Female,26.0,Severe,24.8,6.7,0,Moderate,71.0
469,72,Female,32.7,Mild,47.0,6.2,1,Moderate,73.8
470,41,Male,21.2,Severe,38.6,8.0,0,Low,78.6
471,60,Male,22.4,Mild,38.9,6.2,2,Moderate,35.7
472,49,Male,30.6,Moderate,38.9,6.1,0,Low,51.7
473,51,Female,32.3,Severe,29.9,8.5,1,Low,81.1
474,58,Female,22.7,Severe,27.0,9.3,2,Low,73.7
475,64,Female,27.3,Mild,36.7,6.0,1,Moderate,36.8
476,50,Female,20.7,Severe,44.1,7.5,1,Moderate,64.7
477,71,Male,26.3,Mild,23.7,9.2,1,High,33.8
478,38,Female,31.1,Severe,37.9,7.6,1,Moderate,78.3
479,55,Male,25.2,Mild,39.7,5.4,1,Moderate,29.5
480,85,Male,26.0,Moderate,30.9,7.9,1,Low,72.0
481,58,Male,21.9,Severe,32.7,9.7,4,Low,87.8
482,76,Female,24.2,Severe,31.3,8.7,1,Moderate,88.9
483,56,Female,35.5,Severe,40.1,7.8,1,Low,79.4
484,64,Female,27.5,Mild,61.2,5.6,0,Low,67.7
485,54,Male,22.5,Severe,32.6,7.8,1,High,64.9
486,52,Female,25.7,Mild,37.1,5.7,1,Low,39.6
487,43,Male,19.7,Mild,21.4,4.5,3,Low,62.7
488,61,Male,22.4,Mild,46.2,4.7,0,High,52.2
489,42,Female,33.6,Mild,60.1,4.2,0,Low,31.3
490,65,Male,26.5,Mild,43.8,5.5,0,Moderate,47.5
491,71,Female,36.1,Moderate,34.0,5.5,1,Low,78.5
492,60,Male,26.8,Mild,28.2,6.8,0,Moderate,25.0
493,51,Female,27.0,Moderate,58.0,7.7,0,High,41.5
494,62,Male,30.2,Mild,52.4,5.8,1,Moderate,40.0
495,50,Male,17.0,Moderate,31.9,6.0,0,Moderate,34.9
496,69,Male,28.2,Mild,61.4,7.2,1,Low,48.5
497,28,Female,27.0,Mild,57.8,6.2,1,Moderate,29.3
498,50,Male,34.2,Moderate,43.1,8.8,3,Moderate,71.3
499,25,Female,31.7,Severe,29.3,8.3,2,Low,75.5
500,33,Male,21.9,Severe,42.8,7.8,2,Low,66.3
501,75,Female,33.0,Mild,21.2,5.6,0,Moderate,74.3
502,68,Female,26.0,Severe,33.4,5.2,0,High,71.1
503,44,Female,22.9,Moderate,55.7,5.5,1,High,62.3
504,32,Female,28.1,Severe,46.5,6.4,1,High,62.7
505,18,Female,26.2,Mild,53.3,8.5,2,Moderate,44.1
506,47,Male,34.4,Mild,52.7,4.3,1,Moderate,26.3
507,85,Female,28.8,Mild,71.5,7.0,0,High,38.8
508,62,Male,28.2,Severe,33.7,7.9,3,Low,82.5
509,47,Female,31.4,Mild,42.5,6.6,3,Moderate,41.1
510,62,Male,32.3,Mild,58.0,4.9,0,Low,45.7
511,32,Male,30.9,Moderate,44.6,6.9,0,High,33.2
512,51,Female,33.9,Severe,41.1,8.0,1,High,51.1
513,56,Male,30.1,Moderate,44.3,9.7,1,High,50.1
514,54,Male,28.0,Moderate,40.9,8.4,0,Low,55.9
515,67,Male,33.0,Mild,66.1,7.1,1,High,49.8
516,60,Female,26.8,Severe,31.5,7.7,1,Low,65.2
517,65,Female,27.4,Mild,30.5,7.5,1,Low,39.5
518,45,Male,35.3,Mild,48.2,5.4,0,Moderate,26.2
519,68,Female,34.8,Moderate,34.5,7.9,0,Moderate,70.0
520,79,Male,27.2,Mild,63.4,4.9,0,High,26.2
521,40,Female,25.1,Moderate,32.8,7.4,1,Low,66.9
522,42,Male,34.1,Moderate,50.7,7.4,1,Moderate,54.0
523,75,Female,31.0,Mild,43.4,5.5,1,Moderate,52.9
524,52,Female,28.7,Mild,50.6,4.5,4,Low,71.0
525,76,Male,25.7,Mild,49.8,8.1,1,High,25.9
526,48,Male,28.8,Mild,34.0,6.4,2,Moderate,40.8
527,77,Male,27.1,Severe,26.6,10.0,3,Low,90.2
528,57,Male,24.1,Moderate,46.7,6.9,0,Moderate,53.4
529,59,Female,27.8,Mild,56.5,5.9,0,Moderate,23.0
530,78,Female,28.4,Mild,44.6,5.3,1,High,50.3
531,50,Female,25.4,Severe,30.2,10.0,0,Low,72.6
532,41,Female,31.4,Severe,37.7,9.0,1,Low,74.2
533,48,Female,33.3,Severe,21.1,9.9,3,High,75.6
534,62,Male,31.8,Mild,40.9,6.0,0,Moderate,12.0
535,32,Female,25.9,Moderate,57.5,6.4,0,Moderate,46.3
536,65,Female,30.8,Mild,36.5,6.7,2,Low,63.0
537,47,Female,27.6,Severe,28.5,5.0,3,High,68.2
538,72,Female,21.4,Moderate,19.1,7.4,1,Moderate,47.3
539,19,Female,30.4,Moderate,48.5,8.0,0,Low,36.6
540,43,Male,27.9,Mild,39.0,7.5,3,Low,62.4
541,30,Female,39.4,Severe,26.1,8.1,0,Low,67.2
542,43,Male,34.0,Mild,55.5,6.5,2,Low,48.2
543,59,Male,30.5,Severe,37.7,8.1,0,Low,73.5
544,52,Male,28.4,Mild,37.3,7.4,2,Low,55.2
545,51,Male,28.0,Moderate,29.3,6.4,2,Low,49.6
546,53,Female,22.5,Mild,56.5,4.4,2,Moderate,37.1
547,58,Female,19.0,Moderate,39.4,7.1,2,Moderate,73.7
548,40,Female,23.1,Severe,23.6,8.8,0,Moderate,50.6
549,66,Male,27.0,Mild,51.8,6.3,1,High,33.5
550,65,Male,17.3,Mild,48.5,6.2,0,Low,55.4
551,61,Female,24.6,Mild,57.9,4.1,1,High,40.5
552,63,Female,26.0,Mild,36.7,6.9,3,High,51.6
553,59,Male,26.2,Moderate,28.2,6.1,2,High,65.4
554,85,Male,24.1,Mild,62.3,5.6,2,Low,64.2
555,54,Male,25.6,Mild,59.7,4.6,1,Low,38.5
556,50,Male,35.3,Mild,62.5,5.1,0,Moderate,46.3
557,44,Male,30.3,Mild,36.7,6.7,0,Low,34.7
558,40,Male,24.6,Mild,48.1,4.3,0,Low,22.3
559,36,Female,26.9,Moderate,49.8,7.0,2,Low,40.9
560,42,Female,27.1,Mild,43.5,6.7,2,Moderate,30.3
561,54,Male,23.6,Severe,33.1,9.1,0,High,53.5
562,60,Male,23.6,Severe,23.3,6.7,3,Low,79.4
563,56,Female,31.9,Mild,30.3,8.1,3,High,32.7
564,44,Male,25.2,Severe,18.6,7.3,2,Moderate,74.7
565,69,Female,22.1,Moderate,31.7,4.3,1,Low,56.2
566,66,Male,27.0,Moderate,32.0,6.5,1,Moderate,66.2
567,53,Female,27.8,Mild,57.1,5.2,0,Low,44.0
568,45,Male,17.9,Moderate,41.0,6.7,1,High,74.3
569,63,Male,27.0,Mild,46.8,7.0,2,Moderate,43.3
570,58,Female,31.3,Moderate,51.8,7.8,2,Moderate,63.2
571,33,Female,29.3,Mild,36.4,5.7,2,Moderate,26.6
572,54,Male,37.7,Mild,59.9,5.8,0,Low,29.2
573,59,Female,33.1,Moderate,60.9,7.0,1,High,48.1
574,42,Female,34.0,Mild,58.8,4.6,0,High,19.5
575,58,Male,40.4,Mild,35.5,7.7,2,Moderate,39.0
576,33,Female,30.8,Moderate,34.6,7.5,1,Moderate,52.1
577,75,Female,28.0,Mild,37.6,6.4,0,Low,34.1
578,74,Female,31.8,Mild,37.2,6.3,0,Low,58.6
579,51,Male,24.6,Mild,65.3,7.0,0,Low,45.9
580,60,Female,27.7,Severe,42.8,5.1,3,Moderate,71.1
581,19,Female,24.2,Moderate,42.7,7.7,1,Moderate,59.1
582,38,Female,29.1,Moderate,54.6,6.0,2,High,53.6
583,51,Female,24.1,Moderate,25.3,6.9,2,Low,63.8
584,39,Female,24.0,Moderate,44.3,7.6,2,Low,38.4
585,66,Female,29.1,Severe,34.3,7.9,0,Low,60.8
586,85,Female,26.6,Moderate,30.7,6.9,3,High,84.5
587,37,Female,18.1,Severe,32.3,7.9,1,Moderate,78.8
588,42,Male,20.4,Moderate,54.8,6.7,0,Moderate,65.3
589,59,Female,21.8,Mild,66.2,6.4,2,Moderate,64.8
590,79,Female,23.1,Mild,58.8,4.7,1,Moderate,62.7
591,37,Male,29.1,Mild,49.5,5.0,1,Low,41.4
592,59,Male,28.2,Moderate,43.2,8.2,0,Low,65.5
593,82,Male,32.2,Severe,28.3,8.6,0,Low,78.0
594,30,Female,30.7,Severe,14.1,7.8,3,Low,81.3
595,36,Female,32.2,Moderate,42.6,6.4,1,Moderate,57.8
596,49,Female,30.1,Moderate,38.0,8.5,0,Low,62.4
597,47,Female,28.2,Severe,30.6,7.7,1,Moderate,69.2
598,67,Female,32.4,Moderate,47.0,8.5,2,Moderate,45.8
599,59,Male,31.5,Mild,54.7,4.1,0,Moderate,21.4
600,28,Female,29.0,Moderate,52.6,6.5,1,High,44.0
601,63,Male,33.2,Mild,40.1,6.7,0,Low,41.4
602,46,Female,17.0,Mild,59.7,4.7,1,Moderate,40.3
603,74,Female,25.8,Mild,39.5,8.0,1,Low,39.5
604,46,Male,25.8,Mild,57.3,3.4,0,Moderate,42.4
605,45,Male,32.6,Mild,31.2,5.9,2,Moderate,33.5
606,63,Female,34.6,Mild,44.2,6.0,0,Low,65.4
607,66,Male,20.4,Severe,44.3,6.5,1,Low,65.8
608,62,Female,33.8,Mild,56.0,5.6,1,Moderate,51.8
609,30,Female,21.7,Severe,40.0,7.2,1,Moderate,51.4
610,63,Male,21.8,Mild,34.5,7.5,3,Moderate,54.1
611,39,Female,26.1,Severe,28.9,8.1,2,Moderate,80.4
612,59,Female,25.7,Moderate,64.2,9.5,1,Moderate,66.9
613,34,Female,19.9,Severe,38.7,7.1,1,Moderate,52.5
614,62,Female,30.3,Moderate,42.2,6.5,0,Low,53.2
615,43,Female,30.4,Moderate,52.1,7.1,0,Moderate,29.9
616,36,Female,32.2,Mild,45.4,7.2,3,Moderate,26.8
617,66,Male,25.2,Moderate,39.1,7.5,1,High,47.2
618,59,Male,27.0,Moderate,49.1,6.2,1,Moderate,46.4
619,46,Female,27.1,Mild,47.1,7.5,1,Moderate,18.9
620,77,Female,35.1,Mild,40.9,5.7,2,High,50.9
621,48,Male,17.0,Severe,30.5,6.3,1,High,63.4
622,55,Female,22.7,Mild,50.7,3.9,2,Low,49.3
623,59,Male,27.2,Severe,47.7,8.0,1,High,58.6
624,46,Male,22.1,Mild,44.3,6.9,0,Low,26.7
625,62,Female,26.0,Mild,21.8,8.4,3,High,46.4
626,47,Female,26.6,Mild,52.0,5.6,0,Low,41.8
627,49,Female,24.1,Moderate,44.6,7.4,1,Moderate,44.3
628,75,Female,27.5,Severe,28.1,7.1,0,High,51.9
629,39,Female,30.2,Severe,20.8,6.4,2,Low,75.4
630,19,Male,26.1,Mild,60.4,5.1,2,High,20.2
631,79,Female,25.1,Mild,51.9,6.3,1,Moderate,30.5
632,85,Male,26.4,Moderate,30.3,9.1,0,Low,65.5
633,49,Male,27.2,Mild,46.5,6.4,2,High,27.0
634,26,Female,19.0,Mild,40.1,5.3,2,Moderate,32.1
635,50,Female,29.4,Moderate,46.5,5.5,2,High,57.0
636,51,Female,25.1,Severe,40.8,7.3,3,High,70.0
637,52,Male,33.1,Mild,65.9,4.2,0,Low,41.8
638,38,Female,30.0,Mild,46.6,5.0,0,Low,28.8
639,64,Male,32.7,Severe,23.9,6.6,3,Moderate,82.6
640,63,Male,22.4,Severe,17.2,9.0,0,Moderate,68.8
641,33,Male,25.5,Moderate,52.4,7.2,0,Low,44.2
642,65,Male,21.4,Moderate,38.7,7.4,3,Moderate,55.0
643,85,Male,23.9,Severe,34.7,8.8,2,High,64.9
644,58,Male,33.1,Moderate,39.5,8.4,0,Low,73.3
645,50,Male,34.2,Severe,18.5,9.1,4,Moderate,86.1
646,53,Male,21.8,Moderate,36.4,6.4,0,Moderate,41.5
647,64,Male,25.0,Mild,36.4,7.6,2,Low,67.7
648,29,Male,26.8,Severe,31.4,9.8,2,Low,91.1
649,57,Female,30.0,Moderate,36.3,7.9,2,Low,51.2
650,49,Male,18.9,Mild,46.0,6.7,1,Moderate,35.6
651,83,Female,19.7,Moderate,49.4,7.9,0,Low,75.0
652,52,Male,29.5,Severe,34.7,5.0,1,High,47.6
653,80,Female,18.0,Mild,13.5,7.6,4,High,46.3
654,38,Male,25.1,Severe,33.5,8.2,0,Low,75.4
655,64,Male,28.0,Mild,50.6,5.0,1,High,32.6
656,60,Male,29.2,Moderate,31.2,9.5,2,High,54.9
657,42,Female,26.5,Severe,30.2,8.5,1,Low,53.0
658,58,Male,25.5,Severe,37.9,8.2,1,High,70.6
659,73,Male,31.2,Severe,27.5,10.0,1,Low,72.4
660,50,Male,28.5,Moderate,37.7,7.5,2,Moderate,46.9
661,30,Male,24.2,Mild,63.5,4.2,0,Low,18.5
662,55,Male,27.4,Moderate,41.4,7.6,2,High,53.7
663,41,Male,29.0,Mild,54.3,4.5,2,High,23.2
664,50,Female,35.3,Moderate,50.5,9.0,1,High,41.0
665,54,Male,30.9,Moderate,45.1,5.9,0,High,54.9
666,29,Female,32.9,Moderate,30.7,6.2,1,Low,56.8
667,31,Male,24.3,Mild,49.0,6.3,2,Moderate,33.3
668,62,Male,24.7,Mild,60.1,8.2,1,Low,52.9
669,47,Female,26.1,Mild,40.7,5.4,3,Low,39.0
670,18,Female,26.5,Mild,54.7,4.1,0,Low,25.6
671,67,Female,22.5,Moderate,48.4,9.7,0,High,53.7
672,59,Male,33.1,Mild,52.1,6.0,2,Moderate,37.3
673,44,Female,31.4,Severe,49.3,7.7,1,Low,80.3
674,35,Female,25.8,Mild,44.2,5.5,3,High,38.5
675,68,Male,30.2,Severe,32.9,7.8,1,High,77.2
676,60,Female,28.2,Mild,43.4,4.5,2,Low,68.9
677,85,Male,30.6,Severe,40.6,7.5,2,Moderate,85.1
678,61,Female,20.9,Moderate,23.4,9.1,1,Moderate,50.5
679,61,Female,26.5,Severe,17.2,10.0,5,Moderate,88.3
680,52,Female,26.9,Severe,37.6,7.7,0,Moderate,64.7
681,67,Female,30.1,Moderate,26.1,7.0,3,Moderate,63.2
682,64,Female,24.2,Mild,46.9,6.6,0,Low,21.8
683,74,Male,17.0,Moderate,41.4,7.1,0,Moderate,58.3
684,47,Female,22.1,Mild,37.6,4.2,1,Moderate,41.4
685,48,Female,26.9,Severe,40.9,9.2,1,Low,80.3
686,48,Female,27.5,Severe,34.4,7.3,0,Low,74.3
687,67,Female,35.1,Mild,41.9,6.7,3,Moderate,77.5
688,77,Male,29.9,Severe,19.2,6.7,2,Moderate,84.3
689,48,Female,27.6,Mild,56.6,5.1,2,Moderate,37.2
690,49,Male,27.0,Moderate,58.0,7.0,0,Low,53.2
691,60,Female,32.4,Moderate,37.1,7.4,2,High,54.1
692,51,Female,24.4,Moderate,44.3,5.8,0,Low,37.7
693,69,Female,26.5,Severe,20.0,8.1,3,Moderate,76.8
694,21,Female,22.1,Mild,42.7,5.8,3,Low,33.7
695,43,Male,33.9,Severe,21.6,8.8,4,Moderate,88.5
696,43,Female,29.0,Moderate,49.7,4.4,1,Moderate,31.4
697,20,Female,23.9,Mild,46.8,4.9,1,Moderate,16.3
698,41,Male,26.7,Mild,67.6,7.7,0,High,30.3
699,41,Male,29.6,Mild,41.9,7.7,2,Moderate,34.5
700,52,Male,26.0,Moderate,33.1,7.6,0,Moderate,46.1
701,72,Male,24.7,Severe,28.1,7.7,1,Moderate,75.3
702,51,Male,24.1,Mild,54.0,6.6,2,High,54.6
703,40,Male,28.8,Mild,62.3,4.3,1,High,30.3
704,54,Male,25.5,Moderate,28.4,6.9,3,Moderate,69.2
705,71,Female,25.1,Mild,59.2,5.3,1,Moderate,45.3
706,40,Male,20.9,Mild,64.5,5.3,0,High,22.8
707,41,Female,27.6,Moderate,49.3,4.3,0,High,57.4
708,63,Male,26.3,Moderate,44.2,7.0,0,Low,55.4
709,52,Male,25.7,Severe,41.4,7.2,0,High,62.5
710,65,Female,28.1,Moderate,26.6,8.7,1,Moderate,63.9
711,55,Male,30.7,Moderate,46.0,7.5,3,Moderate,76.1
712,66,Male,30.5,Mild,41.3,6.5,1,Moderate,62.0
713,39,Female,29.8,Mild,71.0,6.9,1,Moderate,24.9
714,55,Male,26.1,Moderate,38.2,5.0,4,High,70.0
715,52,Male,24.5,Severe,33.1,8.0,4,Moderate,84.1
716,37,Male,22.3,Severe,36.7,9.6,1,Low,57.1
717,32,Female,24.4,Mild,51.8,6.2,0,Moderate,32.8
718,65,Female,27.3,Moderate,28.0,7.0,1,Low,81.0
719,50,Male,23.5,Moderate,45.9,5.2,1,Moderate,61.9
720,40,Female,27.7,Mild,36.9,4.2,3,Moderate,36.9
721,54,Female,22.7,Severe,32.7,5.7,0,Moderate,50.3
722,72,Female,19.4,Mild,50.5,4.7,1,Low,55.9
723,21,Female,31.1,Severe,26.4,7.6,2,Low,59.6
724,33,Male,25.0,Moderate,44.6,7.0,3,Low,51.3
725,41,Male,23.3,Mild,65.5,6.6,1,Moderate,32.5
726,77,Male,22.1,Moderate,58.8,8.0,1,High,64.2
727,59,Male,29.2,Mild,49.7,6.4,2,Moderate,42.4
728,67,Female,33.7,Moderate,40.9,5.5,1,Moderate,61.3
729,38,Female,25.3,Moderate,60.1,4.9,0,Moderate,38.1
730,38,Female,26.2,Moderate,38.0,8.6,0,Low,36.3
731,62,Female,32.2,Mild,36.0,6.3,0,High,31.6
732,56,Female,18.7,Moderate,26.4,8.7,5,Moderate,61.3
733,63,Female,36.4,Moderate,48.9,6.8,1,Low,75.7
734,52,Female,38.7,Moderate,22.7,7.0,2,Moderate,88.7
735,59,Female,17.0,Moderate,55.4,4.5,1,Moderate,55.2
736,57,Male,26.7,Moderate,39.4,5.0,1,Low,71.7
737,67,Male,23.8,Severe,22.1,8.4,2,Low,82.1
738,67,Male,26.0,Moderate,29.7,7.7,0,Moderate,40.9
739,31,Male,25.2,Moderate,36.9,7.9,3,Low,83.5
740,21,Male,31.0,Mild,47.7,7.4,2,Moderate,24.0
741,70,Female,26.7,Moderate,62.5,5.5,0,High,58.5
742,73,Male,22.9,Mild,60.2,6.4,0,High,37.9
743,40,Female,26.4,Severe,30.8,7.4,1,Moderate,76.9
744,27,Female,29.6,Severe,48.7,7.1,1,Low,65.3
745,56,Female,21.6,Severe,36.9,8.7,4,Moderate,74.2
746,69,Female,19.5,Mild,44.2,7.2,1,Low,40.8
747,82,Female,36.6,Moderate,31.6,8.9,2,High,88.8
748,63,Male,24.2,Severe,43.3,5.9,0,Moderate,70.5
749,49,Male,26.6,Mild,80.1,5.8,2,Moderate,66.4
750,42,Male,25.3,Mild,75.5,4.5,0,Moderate,22.6
751,55,Male,29.8,Mild,51.5,6.8,0,Moderate,42.0
752,51,Male,35.5,Moderate,42.1,7.6,1,Moderate,47.2
753,40,Female,29.9,Mild,54.2,5.0,0,High,24.0
754,85,Male,20.1,Mild,42.3,6.4,1,Low,79.3
755,82,Male,20.7,Moderate,29.8,6.8,2,Low,69.3
756,72,Female,25.3,Severe,16.7,7.1,1,High,67.5
757,41,Female,25.9,Severe,32.7,7.9,0,Moderate,69.5
758,68,Male,19.1,Moderate,45.0,7.5,0,Low,61.3
759,65,Male,31.1,Severe,32.3,8.6,3,Low,94.5
760,62,Female,22.1,Moderate,45.6,6.8,0,Moderate,50.4
761,74,Male,34.2,Severe,30.2,7.1,0,Moderate,79.1
762,65,Female,35.8,Moderate,31.8,5.0,4,Moderate,81.1
763,66,Female,26.0,Severe,33.4,6.2,1,Low,68.4
764,65,Female,29.3,Severe,50.9,7.1,0,Moderate,55.6
765,60,Female,21.4,Moderate,35.5,6.7,2,Moderate,48.1
766,28,Male,30.1,Mild,77.3,4.6,0,High,4.2
767,56,Female,24.9,Mild,67.3,7.0,1,Moderate,37.5
768,47,Male,22.1,Mild,37.4,8.5,2,Moderate,27.6
769,36,Female,25.8,Mild,56.8,7.4,0,High,18.5
770,80,Male,25.0,Mild,34.6,4.4,0,Low,62.5
771,81,Male,25.7,Moderate,40.4,6.4,2,Low,66.4
772,75,Male,31.7,Mild,48.2,5.5,0,Low,57.9
773,59,Male,23.5,Severe,16.2,8.5,1,Moderate,57.8
774,75,Male,35.4,Moderate,39.4,8.3,0,High,51.0
775,55,Female,21.0,Severe,28.3,8.8,2,Low,90.8
776,58,Male,34.8,Mild,41.1,5.3,2,High,39.8
777,39,Male,22.4,Mild,54.3,6.1,0,Low,43.9
778,61,Female,27.2,Mild,64.5,5.0,1,Moderate,64.3
779,56,Female,24.9,Severe,38.3,6.7,2,Moderate,70.4
780,35,Female,25.6,Mild,53.8,7.6,1,Low,27.0
781,54,Female,31.0,Moderate,28.7,6.6,1,Moderate,33.3
782,54,Female,34.2,Mild,49.4,7.6,0,Moderate,40.2
783,82,Female,32.8,Mild,45.9,3.9,1,Moderate,55.8
784,68,Male,25.3,Mild,65.8,5.2,0,High,40.7
785,55,Female,28.1,Moderate,48.8,6.2,1,High,65.5
786,59,Male,23.5,Mild,59.6,4.3,0,Moderate,21.1
787,56,Female,22.5,Severe,29.1,6.8,3,High,88.9
788,52,Male,21.8,Mild,70.8,5.3,1,Low,34.7
789,39,Female,25.1,Mild,39.5,7.3,2,Low,48.6
790,53,Female,28.4,Mild,67.7,6.1,2,Moderate,41.4
791,44,Female,18.2,Severe,39.6,7.6,1,Moderate,59.1
792,36,Male,27.0,Moderate,36.7,9.6,2,Moderate,40.6
793,63,Female,34.3,Moderate,36.0,6.5,2,Moderate,69.4
794,61,Male,32.5,Moderate,48.7,5.8,1,High,41.1
795,28,Female,24.4,Severe,52.3,8.0,1,Low,61.0
796,53,Male,20.6,Mild,52.4,4.1,0,High,22.1
797,70,Female,29.4,Severe,35.2,7.1,1,Moderate,75.9
798,71,Male,17.0,Moderate,44.7,7.2,0,Moderate,34.7
799,70,Female,32.4,Mild,50.7,4.8,0,Low,15.7
800,56,Female,26.2,Mild,50.5,6.2,2,Low,60.0
801,42,Female,35.8,Moderate,46.1,4.1,0,Moderate,62.2
802,39,Female,19.1,Mild,49.7,6.4,1,Moderate,12.0
803,60,Female,31.5,Mild,33.7,5.6,2,Moderate,53.3
804,61,Male,26.7,Mild,63.7,6.6,1,Low,46.6
805,74,Female,25.6,Mild,52.8,5.9,1,Moderate,28.5
806,71,Female,20.8,Severe,28.0,7.4,4,Moderate,91.2
807,53,Male,30.0,Moderate,40.1,7.9,2,High,69.8
808,36,Female,30.4,Moderate,35.7,6.7,0,Moderate,59.0
809,50,Female,35.6,Moderate,60.6,5.9,0,Moderate,69.2
810,58,Male,31.9,Mild,63.0,5.3,0,Moderate,46.0
811,52,Male,24.4,Moderate,29.4,9.2,2,Moderate,53.9
812,46,Male,22.5,Severe,23.4,7.5,1,Moderate,69.2
813,59,Female,20.8,Mild,63.2,6.5,1,Low,50.2
814,47,Male,34.1,Moderate,27.4,5.1,0,High,63.7
815,46,Female,23.5,Severe,48.1,5.3,0,Moderate,58.9
816,60,Male,34.2,Moderate,45.8,8.5,0,Moderate,46.8
817,49,Male,29.7,Mild,67.4,4.7,1,Moderate,20.3
818,59,Male,28.8,Mild,60.5,5.8,0,Moderate,45.9
819,59,Female,25.8,Moderate,36.5,7.2,0,Low,61.1
820,38,Female,30.3,Severe,32.1,7.5,1,Low,63.7
821,48,Male,27.1,Moderate,15.3,9.3,4,Low,81.1
822,77,Female,25.5,Moderate,30.1,4.9,3,Low,76.2
823,38,Male,30.5,Mild,53.1,5.4,2,Low,28.4
824,23,Male,26.5,Moderate,38.6,7.4,2,Moderate,65.6
825,27,Male,23.4,Moderate,32.6,6.0,1,Low,27.7
826,55,Female,30.0,Severe,34.0,8.0,0,High,65.0
827,55,Female,26.9,Moderate,27.2,5.2,3,High,56.8
828,53,Female,29.5,Mild,57.6,5.0,0,Low,20.9
829,73,Female,25.1,Moderate,49.3,8.0,2,Moderate,71.7
830,18,Female,21.5,Moderate,37.6,7.8,1,Moderate,31.0
831,61,Male,35.4,Mild,54.1,5.7,2,High,64.8
832,78,Male,34.5,Moderate,41.5,9.8,3,Moderate,84.4
833,38,Male,31.4,Mild,54.0,7.2,5,Moderate,57.7
834,49,Female,25.4,Mild,66.8,4.1,0,Low,13.0
835,44,Male,25.8,Moderate,43.6,7.3,2,High,46.3
836,42,Male,33.7,Mild,35.5,7.6,5,Low,59.1
837,50,Male,25.5,Moderate,44.9,6.3,1,High,61.0
838,76,Male,24.2,Moderate,56.9,6.9,0,Low,65.7
839,83,Male,36.0,Severe,46.5,8.2,3,Moderate,89.2
840,50,Female,27.0,Moderate,31.2,7.6,2,Moderate,73.0
841,84,Female,35.5,Severe,25.1,5.6,1,Low,93.7
842,56,Male,20.6,Moderate,33.4,8.5,3,Low,84.0
843,81,Female,29.6,Severe,27.5,7.6,0,Low,85.0
844,54,Female,36.9,Mild,62.7,6.5,1,Moderate,36.6
845,57,Female,27.3,Severe,36.7,7.0,1,Moderate,75.8
846,60,Female,26.0,Moderate,35.6,8.9,1,Low,66.0
847,85,Male,21.7,Mild,49.5,5.9,0,Moderate,51.0
848,68,Male,32.3,Moderate,38.3,6.8,0,Low,55.1
849,44,Female,23.6,Moderate,41.7,8.1,1,Moderate,60.8
850,70,Female,26.8,Mild,46.9,3.9,0,Moderate,41.6
851,50,Male,21.4,Mild,46.7,4.7,1,High,34.3
852,48,Female,34.5,Mild,51.0,7.0,3,High,30.3
853,69,Male,32.6,Severe,34.8,5.5,0,Moderate,71.1
854,55,Female,27.1,Moderate,38.9,8.3,2,Low,74.1
855,59,Male,21.8,Mild,53.3,5.8,3,High,43.9
856,55,Male,34.4,Severe,29.8,6.5,0,Low,48.5
857,60,Male,25.5,Moderate,27.3,5.2,3,Low,57.9
858,61,Female,22.0,Severe,30.4,8.9,2,Low,84.2
859,26,Male,18.9,Moderate,45.2,5.6,3,Moderate,69.3
860,65,Male,24.2,Mild,48.8,6.9,0,Moderate,32.8
861,40,Male,20.4,Mild,72.6,5.2,2,High,25.0
862,33,Female,24.3,Moderate,39.2,8.0,1,Moderate,58.1
863,54,Female,30.7,Moderate,45.5,7.3,1,Low,62.5
864,56,Female,25.4,Moderate,24.7,9.9,3,Moderate,76.1
865,45,Female,28.9,Mild,55.0,8.3,1,Moderate,30.1
866,67,Female,23.8,Severe,13.6,7.9,3,Low,84.0
867,35,Male,27.5,Moderate,55.1,5.3,0,High,43.5
868,49,Female,36.2,Moderate,31.1,6.0,4,Moderate,80.3
869,46,Female,25.6,Mild,51.9,6.7,1,Moderate,29.8
870,54,Female,29.0,Moderate,42.1,8.1,2,High,44.4
871,59,Female,19.8,Severe,40.8,8.0,1,Moderate,56.6
872,40,Female,34.3,Mild,42.1,4.9,3,Moderate,29.1
873,66,Male,25.0,Moderate,36.5,6.4,1,Moderate,51.3
874,56,Female,32.1,Moderate,68.4,5.6,0,High,48.8
875,27,Male,26.6,Mild,52.0,6.5,2,High,15.0
876,26,Female,30.1,Mild,34.0,6.6,1,Moderate,16.8
877,55,Female,30.4,Severe,22.3,9.2,0,Low,78.6
878,52,Male,25.1,Mild,37.2,4.5,0,High,44.7
879,53,Female,32.3,Mild,59.6,2.9,1,High,43.5
880,55,Female,23.6,Severe,51.4,9.5,1,Moderate,49.2
881,58,Male,30.9,Moderate,42.7,7.3,0,High,53.9
882,69,Male,25.4,Moderate,49.7,5.0,0,Moderate,63.7
883,38,Male,28.8,Moderate,60.8,6.1,0,Moderate,35.3
884,37,Female,25.0,Moderate,34.7,6.7,1,Moderate,47.8
885,39,Male,27.4,Severe,19.3,7.6,1,Low,76.1
886,59,Male,22.1,Mild,41.6,5.1,2,Moderate,53.8
887,74,Male,28.4,Mild,31.9,6.2,1,Moderate,51.1
888,49,Female,27.4,Moderate,31.7,5.9,1,Low,67.2
889,18,Female,24.7,Severe,36.1,8.3,0,Low,60.2
890,29,Female,26.9,Mild,32.8,7.7,1,Moderate,24.6
891,43,Female,27.8,Severe,29.6,10.0,3,Moderate,74.2
892,47,Male,24.3,Moderate,40.6,7.9,1,High,36.3
893,49,Female,26.6,Moderate,31.3,5.4,4,Low,68.9
894,56,Female,22.5,Moderate,45.3,8.6,1,High,60.3
895,50,Female,38.2,Mild,45.6,8.2,1,Low,41.3
896,71,Female,32.2,Moderate,46.4,5.8,0,Low,74.6
897,45,Female,28.5,Mild,38.8,8.1,1,Moderate,26.2
898,42,Female,32.7,Mild,59.4,6.9,1,Moderate,37.7
899,62,Female,17.9,Mild,45.4,7.9,2,Moderate,58.6
900,32,Male,17.0,Severe,27.4,8.2,3,Low,80.5
901,61,Female,25.3,Mild,34.2,7.0,2,Low,34.1
902,57,Male,20.7,Moderate,49.4,8.3,1,Moderate,58.5
903,53,Female,26.1,Mild,60.1,4.9,1,Low,32.5
904,79,Female,28.2,Mild,50.3,6.4,1,Low,37.9
905,46,Female,31.5,Mild,46.8,4.7,1,Low,45.7
906,85,Female,21.9,Severe,39.2,9.7,1,Low,75.5
907,52,Female,29.1,Moderate,37.7,5.8,3,Moderate,69.6
908,36,Female,27.3,Mild,54.5,8.2,0,Low,49.1
909,56,Male,28.8,Moderate,52.0,5.4,1,Moderate,60.7
910,39,Female,24.8,Mild,40.9,6.3,1,Moderate,28.9
911,44,Female,33.7,Severe,41.5,8.2,0,Moderate,65.6
912,61,Male,26.7,Mild,58.1,4.3,1,Moderate,48.9
913,63,Female,35.5,Severe,30.1,6.8,0,Moderate,73.2
914,46,Female,23.5,Severe,20.8,9.1,0,High,55.5
915,70,Female,30.7,Severe,30.5,7.3,5,Low,87.8
916,72,Female,26.9,Mild,41.4,7.3,0,High,24.4
917,77,Female,25.7,Moderate,32.9,9.1,1,Low,78.5
918,63,Male,30.2,Severe,29.2,9.7,1,Moderate,72.2
919,75,Male,25.8,Moderate,30.1,8.3,0,Moderate,66.6
920,27,Male,17.0,Mild,40.1,6.4,1,Low,40.5
921,50,Female,17.0,Moderate,46.7,7.5,0,Low,43.1
922,42,Female,33.2,Mild,50.4,5.4,0,Low,28.5
923,57,Female,33.0,Moderate,43.4,6.5,1,Low,69.9
924,46,Female,36.1,Mild,50.4,4.2,0,Moderate,34.7
925,53,Female,27.1,Moderate,38.7,8.8,0,Low,53.8
926,83,Female,21.1,Mild,50.9,6.5,1,High,46.9
927,52,Female,25.2,Mild,60.7,7.2,0,High,35.5
928,61,Female,27.3,Mild,27.4,6.7,2,Low,54.1
929,52,Female,22.5,Severe,47.7,8.8,0,Low,67.1
930,56,Male,34.9,Moderate,36.9,8.2,0,Moderate,58.9
931,55,Female,37.7,Moderate,52.3,7.1,1,High,45.3
932,62,Male,29.4,Severe,33.5,7.0,3,Moderate,83.4
933,72,Female,27.1,Moderate,10.4,9.5,3,Low,78.9
934,80,Male,21.1,Mild,46.4,5.9,3,High,42.8
935,60,Female,34.5,Moderate,49.5,7.9,1,Moderate,56.3
936,64,Female,27.6,Mild,58.0,6.4,3,Moderate,46.7
937,38,Female,25.8,Moderate,62.3,5.1,0,High,43.0
938,54,Female,29.5,Mild,50.8,4.8,2,High,26.8
939,69,Male,24.4,Severe,35.9,10.0,2,Moderate,73.4
940,68,Female,27.9,Moderate,45.4,5.4,0,Low,56.7
941,58,Female,20.4,Mild,37.7,5.3,1,Moderate,45.9
942,68,Male,32.3,Moderate,37.0,6.9,0,Low,70.7
943,62,Female,26.7,Mild,38.8,6.4,2,Moderate,51.8
944,73,Male,32.6,Moderate,51.4,7.5,1,Low,78.2
945,59,Male,26.3,Severe,49.0,7.2,0,Moderate,78.7
946,50,Female,26.6,Moderate,47.6,6.3,0,Moderate,46.6
947,60,Female,21.5,Moderate,42.2,8.9,0,High,37.3
948,18,Female,30.8,Mild,59.8,4.2,1,High,19.3
949,61,Male,23.1,Moderate,26.0,6.9,1,Low,48.3
950,18,Female,24.9,Mild,49.6,5.9,0,Low,26.0
951,29,Female,27.2,Moderate,47.4,4.3,0,Moderate,34.4
952,62,Female,27.8,Moderate,32.3,7.2,2,Low,69.9
953,62,Male,19.2,Mild,41.7,6.2,0,Low,39.8
954,38,Male,26.1,Mild,35.8,4.5,2,Moderate,33.8
955,44,Male,30.9,Mild,69.5,6.3,0,Moderate,32.6
956,76,Male,25.4,Mild,52.8,6.0,0,Low,42.7
957,48,Male,26.1,Mild,38.7,5.7,0,Moderate,25.0
958,85,Female,28.0,Moderate,27.7,7.4,2,High,58.7
959,55,Male,26.6,Moderate,41.7,7.0,1,Moderate,58.9
960,61,Female,22.4,Mild,32.7,7.3,1,Low,35.1
961,79,Female,27.0,Mild,57.8,4.1,1,Moderate,65.8
962,57,Male,31.9,Moderate,45.5,7.2,0,High,59.8
963,40,Male,22.3,Moderate,41.4,8.3,0,Low,29.4
964,53,Female,25.4,Mild,50.0,6.1,3,Moderate,55.6
965,54,Female,20.7,Mild,64.2,4.7,1,Moderate,47.2
966,35,Female,31.6,Moderate,49.1,5.2,3,Moderate,51.7
967,51,Male,26.8,Mild,32.3,6.4,2,Low,52.6
968,44,Female,23.2,Mild,60.0,5.1,1,High,24.5
969,69,Male,27.6,Moderate,24.4,8.7,2,Low,79.6
970,56,Female,21.5,Mild,55.2,7.4,1,Low,38.9
971,51,Male,22.3,Severe,22.0,7.8,1,Low,84.1
972,53,Female,20.3,Severe,46.1,8.8,1,Moderate,69.8
973,58,Male,22.2,Mild,40.4,6.9,1,Low,41.5
974,64,Female,33.6,Moderate,42.1,7.5,0,Moderate,65.8
975,40,Female,23.8,Severe,53.5,6.5,1,High,70.9
976,39,Female,29.4,Moderate,37.4,6.4,0,Low,25.5
977,72,Female,23.3,Severe,33.7,8.6,1,High,40.5
978,49,Female,30.8,Moderate,57.3,6.9,0,High,44.9
979,34,Male,22.4,Mild,50.7,6.5,2,Low,34.5
980,62,Male,27.4,Mild,44.3,6.3,0,Moderate,21.2
981,62,Male,27.4,Mild,38.5,5.7,0,High,25.8
982,32,Male,38.1,Severe,31.5,5.0,0,Moderate,87.6
983,58,Female,30.2,Mild,41.5,7.2,2,Moderate,31.4
984,66,Male,24.4,Moderate,53.9,6.5,0,High,60.2
985,61,Male,30.4,Moderate,48.6,6.1,1,Moderate,50.3
986,64,Female,37.2,Severe,44.2,9.3,1,Low,70.7
987,34,Male,19.5,Moderate,32.3,6.6,0,Low,40.8
988,60,Female,23.2,Mild,39.4,6.1,1,Moderate,26.8
989,50,Male,26.1,Mild,49.8,5.4,0,Moderate,16.8
990,48,Male,25.2,Moderate,43.0,6.8,1,Low,48.4
991,68,Male,25.6,Moderate,50.8,6.5,0,Low,46.5
992,77,Female,21.1,Severe,35.4,7.7,1,High,71.9
993,82,Male,33.8,Moderate,47.2,6.9,0,Moderate,66.5
994,75,Female,20.5,Severe,38.5,7.0,1,Moderate,72.1
995,53,Male,26.3,Moderate,38.0,5.1,3,Low,76.9
996,60,Female,32.1,Mild,46.3,7.8,1,Low,43.1
997,67,Male,27.1,Severe,25.8,7.6,0,Low,76.0
998,57,Male,22.6,Moderate,37.4,7.5,1,Moderate,31.4
999,57,Female,20.9,Severe,23.3,8.3,4,Low,87.5
1000,67,Female,26.1,Mild,39.8,5.5,4,High,77.4
1001,54,Male,23.6,Moderate,38.7,6.7,1,Low,71.8
1002,44,Female,28.2,Mild,47.2,6.2,1,Low,39.5
1003,49,Female,20.6,Mild,57.8,6.5,0,High,15.2
1004,65,Female,31.0,Mild,47.0,8.7,1,Moderate,64.8
1005,55,Female,27.7,Moderate,40.3,7.0,1,Moderate,55.3
1006,60,Male,28.1,Mild,49.8,6.6,0,Low,32.8
1007,65,Male,34.0,Mild,37.6,5.0,0,Moderate,34.6
1008,49,Female,25.1,Mild,69.3,5.8,1,Moderate,57.2
1009,66,Female,23.8,Mild,55.1,6.1,1,High,37.2
1010,61,Female,24.6,Moderate,40.5,4.5,1,Moderate,63.3
1011,36,Female,26.3,Severe,38.3,8.6,2,High,63.9
1012,77,Male,26.8,Moderate,48.2,8.2,1,Moderate,63.8
1013,47,Female,23.3,Mild,44.2,5.6,0,Moderate,25.8
1014,30,Male,17.7,Moderate,21.4,7.0,4,Moderate,76.3
1015,39,Male,24.6,Mild,66.0,7.0,1,Moderate,29.5
1016,40,Male,28.9,Moderate,45.8,7.1,0,Moderate,29.8
1017,56,Male,27.8,Severe,33.1,8.6,0,Moderate,73.1
1018,51,Female,32.8,Mild,48.2,7.1,1,Low,44.4
1019,50,Female,36.4,Severe,45.6,7.3,0,Moderate,71.8
1020,64,Female,30.8,Mild,54.3,5.6,1,Low,45.8
1021,60,Male,33.7,Moderate,42.4,5.6,1,Moderate,53.1
1022,60,Male,30.8,Moderate,41.5,8.6,2,Low,79.1
1023,61,Female,35.2,Moderate,49.7,3.9,0,Low,79.3
1024,64,Female,35.9,Moderate,45.6,7.2,2,Low,54.0
1025,23,Female,31.7,Mild,61.2,3.9,1,Low,32.7
1026,50,Male,30.5,Moderate,32.5,7.5,0,Low,52.0
1027,22,Male,26.2,Moderate,38.9,8.3,1,Low,39.3
1028,56,Male,27.0,Moderate,35.4,7.0,2,Moderate,34.5
1029,55,Male,25.6,Mild,50.8,5.1,0,Moderate,34.1
1030,71,Female,30.1,Mild,61.4,4.4,3,High,41.5
1031,73,Male,23.8,Severe,27.9,9.3,2,High,73.9
1032,58,Male,26.3,Mild,45.1,5.0,3,Low,68.9
1033,47,Female,17.0,Mild,53.8,4.3,1,Moderate,31.3
1034,62,Male,35.3,Mild,42.8,8.5,1,Moderate,41.2
1035,47,Female,26.2,Moderate,40.5,7.2,0,Moderate,31.9
1036,55,Male,29.3,Moderate,52.3,8.2,1,Moderate,45.3
1037,70,Male,34.1,Severe,28.1,6.8,1,Moderate,89.5
1038,47,Male,28.6,Moderate,44.6,8.4,1,Moderate,60.1
1039,67,Female,34.0,Mild,50.9,6.4,1,Moderate,60.5
1040,65,Female,21.4,Mild,52.3,7.1,1,Moderate,30.4
1041,41,Male,38.5,Mild,42.1,5.3,0,Low,41.5
1042,70,Male,32.3,Moderate,49.0,7.8,1,High,69.9
1043,65,Female,28.2,Severe,34.5,6.1,0,High,72.5
1044,57,Male,33.9,Mild,39.4,7.4,1,Low,67.7
1045,44,Female,21.7,Mild,54.2,6.8,1,Moderate,36.4
1046,42,Male,25.8,Moderate,29.1,7.5,4,High,63.0
1047,47,Male,34.0,Moderate,46.0,8.4,3,Moderate,39.8
1048,63,Female,18.4,Moderate,35.8,6.5,0,Low,65.8
1049,41,Female,29.8,Moderate,54.4,7.6,1,Moderate,58.2
1050,62,Male,29.7,Mild,43.8,6.7,1,Moderate,57.7
1051,36,Male,36.5,Mild,44.3,7.5,1,Low,32.8
1052,52,Male,19.8,Mild,36.8,5.8,0,Moderate,31.7
1053,57,Female,34.8,Moderate,27.0,8.0,0,Moderate,38.1
1054,85,Male,24.6,Mild,32.7,7.1,4,Low,55.0
1055,34,Female,25.1,Moderate,13.7,7.7,3,High,62.4
1056,77,Female,21.5,Severe,23.6,8.2,0,Low,88.0
1057,57,Female,22.1,Moderate,48.0,6.8,1,Moderate,69.4
1058,61,Male,29.1,Mild,50.8,5.8,0,Moderate,40.3
1059,57,Male,22.0,Severe,19.7,9.7,2,Low,92.2
1060,62,Male,30.7,Mild,55.5,3.8,0,Moderate,31.1
1061,53,Male,24.1,Moderate,32.0,8.1,1,Moderate,66.0
1062,77,Female,21.5,Mild,56.1,6.2,0,Moderate,27.9
1063,48,Female,24.7,Severe,21.6,8.9,2,Moderate,40.4
1064,72,Female,28.8,Mild,61.1,5.6,1,High,31.2
1065,45,Female,25.9,Mild,60.3,6.7,0,High,22.3
1066,54,Female,27.4,Severe,42.0,9.0,2,Low,82.1
1067,39,Male,30.5,Moderate,38.1,6.5,0,Moderate,41.7
1068,62,Male,32.3,Mild,43.8,6.2,0,Moderate,45.6
1069,77,Male,25.7,Mild,40.8,6.8,0,High,56.8
1070,54,Female,22.3,Mild,65.5,5.6,0,High,33.3
1071,52,Male,27.6,Mild,51.2,5.0,0,Moderate,24.0
1072,38,Female,29.4,Moderate,58.6,6.2,1,High,16.2
1073,52,Female,20.3,Moderate,32.3,6.2,2,Moderate,48.2
1074,31,Female,23.0,Severe,37.2,8.5,2,Low,83.0
1075,41,Female,23.8,Severe,30.1,7.8,1,Moderate,60.0
1076,58,Female,26.2,Severe,28.5,5.0,0,Moderate,74.8
1077,75,Male,23.6,Moderate,44.7,7.6,0,Moderate,65.1
1078,85,Female,30.5,Mild,36.4,5.9,1,Moderate,52.5
1079,46,Female,19.7,Moderate,32.3,8.3,1,Moderate,54.3
1080,77,Female,19.8,Mild,68.3,6.5,1,High,32.8
1081,59,Male,25.6,Mild,44.6,5.6,2,Low,74.5
1082,53,Female,26.4,Severe,34.2,8.2,1,Moderate,60.3
1083,61,Female,20.4,Moderate,22.2,7.2,1,Moderate,70.3
1084,56,Male,24.3,Mild,36.3,5.7,1,Low,51.8
1085,57,Female,25.3,Mild,44.4,6.3,0,Moderate,41.3
1086,49,Male,25.4,Mild,57.0,3.4,0,Moderate,26.4
1087,34,Female,27.9,Moderate,42.4,6.8,0,Low,32.0
1088,32,Female,24.1,Mild,51.5,5.3,0,High,12.5
1089,65,Female,34.1,Severe,20.8,8.5,4,Moderate,83.1
1090,51,Male,29.5,Moderate,39.6,7.6,0,Low,60.8
1091,46,Female,23.4,Mild,61.1,5.0,1,Low,48.6
1092,55,Male,27.6,Severe,23.5,8.0,3,Moderate,83.3
1093,67,Female,27.8,Severe,22.2,8.6,1,High,74.2
1094,58,Male,32.9,Severe,30.0,6.4,0,Moderate,80.8
1095,45,Female,24.4,Moderate,51.2,6.8,0,Low,28.8
1096,73,Female,30.8,Mild,59.0,3.9,0,Low,21.0
1097,79,Female,27.4,Moderate,28.6,9.1,1,Moderate,49.4
1098,62,Male,34.2,Severe,24.6,10.0,0,Moderate,82.5
1099,70,Female,33.3,Severe,28.2,9.2,2,Moderate,66.1
1100,74,Male,28.1,Moderate,40.2,8.1,1,Moderate,63.9
1101,72,Male,26.0,Moderate,37.7,7.1,1,Moderate,52.8
1102,64,Male,29.6,Mild,61.9,6.3,1,Moderate,42.7
1103,64,Female,26.4,Mild,52.6,6.3,1,Moderate,37.8
1104,63,Male,35.1,Mild,63.4,6.5,1,Low,55.5
1105,39,Male,27.6,Mild,46.5,6.5,0,Moderate,25.3
1106,66,Male,25.3,Moderate,26.4,8.5,2,Moderate,74.8
1107,35,Male,25.0,Mild,47.5,5.0,0,Moderate,40.2
1108,43,Male,21.5,Moderate,34.7,6.8,2,Low,77.1
1109,75,Male,29.8,Moderate,56.0,8.0,0,Low,62.5
1110,68,Male,23.3,Mild,56.3,5.7,1,Moderate,30.8
1111,77,Female,32.4,Moderate,33.3,7.5,0,Low,69.5
1112,51,Male,21.1,Mild,57.5,6.7,1,Moderate,58.9
1113,38,Female,27.8,Mild,44.5,5.4,2,Moderate,37.6
1114,51,Male,32.6,Severe,20.7,9.5,3,Low,89.4
1115,57,Male,17.1,Mild,48.6,5.3,0,Moderate,42.1
1116,56,Female,36.7,Mild,42.0,6.7,0,Moderate,46.6
1117,72,Female,25.2,Moderate,52.9,6.0,1,Low,79.0
1118,50,Female,27.9,Mild,67.9,6.1,0,High,14.7
1119,60,Female,29.9,Mild,48.0,5.5,1,Moderate,30.5
1120,40,Female,30.6,Moderate,39.4,4.6,3,High,56.3
1121,62,Male,28.5,Moderate,43.7,5.0,2,Low,81.7
1122,55,Male,31.9,Moderate,45.3,6.5,2,High,69.8
1123,44,Male,29.6,Severe,38.6,9.4,0,High,59.6
1124,51,Female,35.5,Mild,47.2,6.1,1,Low,59.1
1125,52,Female,29.7,Moderate,58.6,6.8,2,Moderate,54.3
1126,51,Female,36.4,Mild,48.2,6.3,1,Moderate,33.0
1127,82,Male,31.4,Mild,34.5,6.5,0,Moderate,33.2
1128,54,Female,18.7,Severe,35.8,8.0,4,Moderate,82.8
1129,51,Female,39.5,Moderate,67.3,6.0,1,High,48.6
1130,24,Female,24.5,Mild,50.2,8.2,0,Moderate,34.5
1131,42,Male,34.2,Mild,63.2,5.7,1,High,36.6
1132,51,Female,27.3,Mild,45.4,6.4,2,High,37.5
1133,45,Male,32.2,Moderate,30.0,7.0,2,High,55.1
1134,76,Male,24.0,Mild,33.0,5.6,2,Moderate,48.0
1135,53,Male,30.1,Severe,38.2,7.2,1,Moderate,51.8
1136,74,Female,26.0,Mild,46.9,6.2,2,High,31.9
1137,56,Female,34.6,Mild,54.6,4.0,1,Moderate,49.9
1138,56,Female,29.3,Severe,25.7,8.3,3,Low,83.0
1139,54,Female,31.6,Severe,47.1,9.3,0,Moderate,54.6
1140,55,Male,17.0,Mild,59.1,5.9,0,Low,54.5
1141,81,Female,26.8,Mild,45.9,5.9,0,High,56.3
1142,20,Female,29.1,Severe,35.3,6.8,1,Moderate,71.6
1143,25,Female,28.3,Moderate,40.1,6.3,2,Moderate,56.2
1144,47,Male,31.7,Moderate,30.6,7.7,0,Low,58.1
1145,55,Female,25.5,Moderate,21.2,8.0,1,Moderate,55.7
1146,65,Male,27.4,Severe,36.7,8.9,1,Moderate,77.8
1147,62,Female,32.8,Moderate,32.0,6.9,1,Moderate,69.9
1148,49,Male,17.0,Mild,52.0,5.6,0,Moderate,38.5
1149,70,Male,30.0,Moderate,46.4,6.1,1,Moderate,66.4
1150,70,Female,25.6,Moderate,38.9,7.1,0,Low,25.9
1151,58,Female,22.9,Moderate,39.1,8.2,1,Moderate,67.7
1152,69,Female,28.8,Mild,46.9,6.6,0,Moderate,40.8
1153,59,Female,33.0,Moderate,31.3,7.9,0,High,35.3
1154,47,Female,32.1,Mild,44.8,5.5,0,High,28.3
1155,65,Male,26.6,Severe,26.6,9.2,1,Moderate,79.1
1156,57,Male,31.3,Mild,49.3,6.1,2,Low,33.4
1157,55,Female,31.3,Moderate,34.7,7.7,1,Low,57.0
1158,77,Male,26.8,Moderate,48.3,6.5,0,High,38.5
1159,18,Female,23.9,Mild,68.6,3.0,0,High,9.7
1160,34,Male,24.2,Moderate,29.3,7.7,1,Low,62.3
1161,37,Female,31.1,Mild,46.9,6.1,2,Moderate,31.9
1162,50,Male,27.0,Severe,45.7,6.6,0,Moderate,68.3
1163,51,Male,22.3,Moderate,58.6,6.6,0,Low,58.6
1164,32,Female,19.3,Mild,39.8,4.1,1,High,20.7
1165,40,Female,31.1,Moderate,22.4,8.6,2,High,62.8
1166,42,Female,24.6,Severe,46.9,6.8,0,High,67.3
1167,85,Male,28.8,Mild,38.2,5.3,0,Low,63.0
1168,82,Male,33.0,Severe,24.2,7.7,1,Moderate,86.9
1169,49,Male,21.0,Mild,31.4,5.8,5,High,64.0
1170,50,Male,27.0,Mild,63.0,4.0,1,Moderate,39.6
1171,38,Male,26.4,Moderate,32.5,7.1,1,Moderate,58.0
1172,26,Female,29.0,Mild,32.8,6.2,1,Moderate,18.6
1173,53,Female,33.0,Severe,17.8,10.0,1,Low,78.9
1174,40,Male,21.0,Moderate,54.7,7.0,1,Moderate,53.5
1175,54,Female,29.9,Moderate,49.4,6.8,2,High,53.2
1176,31,Male,32.0,Moderate,49.2,7.3,1,Low,79.3
1177,44,Female,26.3,Moderate,22.3,6.0,1,Low,55.5
1178,57,Female,26.6,Moderate,26.2,8.7,3,Moderate,47.2
1179,60,Male,29.2,Moderate,55.3,6.8,1,Moderate,58.2
1180,61,Female,28.8,Severe,26.2,6.2,3,Moderate,86.4
1181,35,Female,29.9,Moderate,34.0,7.4,1,Low,46.3
1182,68,Female,29.8,Mild,57.2,3.3,1,Moderate,42.1
1183,43,Male,22.6,Moderate,37.5,7.7,1,Low,56.0
1184,64,Male,31.9,Moderate,21.9,7.1,0,Moderate,59.0
1185,55,Female,32.7,Mild,29.8,7.6,0,Moderate,32.0
1186,34,Female,28.1,Moderate,41.5,7.4,2,Moderate,63.1
1187,50,Female,20.2,Mild,53.7,5.7,1,Moderate,58.1
1188,60,Male,26.7,Mild,31.2,6.3,4,Moderate,48.0
1189,64,Female,28.1,Severe,39.8,8.5,0,Moderate,57.3
1190,53,Male,21.8,Moderate,32.4,6.6,2,Moderate,58.6
1191,78,Male,25.5,Mild,35.4,5.6,1,Moderate,62.5
1192,70,Female,20.6,Severe,33.3,8.7,0,Moderate,70.3
1193,51,Male,30.1,Severe,19.9,7.2,0,Moderate,73.2
1194,66,Male,28.0,Severe,39.0,8.3,3,Moderate,76.7
1195,84,Female,19.5,Mild,29.1,8.2,2,Moderate,76.8
1196,84,Female,28.9,Mild,49.3,6.9,0,Low,46.8
1197,37,Male,26.9,Moderate,46.7,5.5,1,Moderate,52.6
1198,41,Male,29.6,Moderate,45.4,6.5,1,Low,46.9
1199,77,Male,25.4,Moderate,30.5,7.5,0,High,43.8
1200,39,Male,23.4,Moderate,29.9,9.7,1,Moderate,52.9
1201,35,Female,23.6,Severe,50.5,7.3,1,Low,69.4
1202,48,Male,24.7,Severe,39.2,6.7,0,Moderate,71.7
1203,61,Male,27.3,Moderate,31.0,7.3,1,Moderate,39.3
1204,53,Female,27.9,Severe,40.4,7.3,1,High,55.5
1205,45,Female,26.3,Severe,37.0,9.7,3,High,65.5
1206,45,Female,25.2,Mild,56.7,7.8,2,High,33.6
1207,44,Male,25.5,Moderate,49.7,3.7,0,Moderate,29.2
1208,42,Female,39.0,Mild,61.5,4.6,0,High,26.8
1209,85,Male,23.6,Mild,38.1,5.9,1,Moderate,43.4
1210,59,Female,24.6,Severe,32.6,6.9,1,High,66.4
1211,68,Female,42.0,Moderate,28.7,7.6,2,Low,72.5
1212,48,Male,29.2,Moderate,62.7,6.0,0,High,32.4
1213,52,Female,20.7,Severe,38.1,7.4,4,Moderate,83.9
1214,44,Male,31.2,Mild,39.6,5.6,2,Low,59.2
1215,18,Female,22.9,Mild,50.5,5.0,1,High,29.3
1216,34,Male,31.5,Mild,48.2,7.3,2,Moderate,51.2
1217,28,Female,26.2,Moderate,65.3,5.5,0,High,44.9
1218,21,Male,25.1,Mild,61.3,9.0,0,Low,25.7
1219,37,Male,34.8,Mild,66.0,7.4,2,Moderate,63.5
1220,75,Female,29.9,Severe,38.5,7.7,2,Moderate,85.5
1221,54,Female,31.8,Mild,47.9,5.1,2,Low,41.1
1222,74,Female,29.2,Moderate,44.8,6.8,0,Moderate,49.3
1223,61,Male,25.1,Mild,69.3,6.6,1,Moderate,38.9
1224,67,Male,30.1,Moderate,31.3,8.6,1,Low,77.7
1225,41,Female,32.9,Moderate,44.9,6.6,0,Moderate,43.9
1226,63,Female,27.8,Moderate,51.6,5.0,1,Low,50.1
1227,66,Male,35.7,Mild,54.5,6.5,2,High,55.8
1228,46,Male,31.2,Mild,76.6,6.2,0,High,14.6
1229,63,Male,28.2,Mild,66.0,6.4,1,Moderate,46.3
1230,63,Female,28.4,Mild,46.6,5.9,1,Moderate,38.8
1231,47,Male,27.8,Moderate,40.4,8.0,0,Moderate,31.4
1232,38,Male,21.3,Mild,37.9,5.8,0,Moderate,45.7
1233,37,Female,26.8,Mild,61.5,3.9,0,High,20.5
1234,56,Female,28.2,Mild,53.9,5.1,1,Low,31.4
1235,60,Female,25.2,Severe,39.5,7.8,1,Moderate,74.5
1236,43,Male,28.8,Moderate,40.1,6.7,1,Low,36.2
1237,55,Female,27.3,Moderate,35.9,10.0,2,Moderate,68.5
1238,64,Male,30.8,Moderate,35.5,9.1,1,High,66.9
1239,64,Male,30.3,Mild,49.9,6.1,1,Low,77.1
1240,78,Male,28.0,Mild,47.8,7.2,2,Low,59.2
1241,74,Male,20.8,Mild,41.3,3.8,0,Low,37.5
1242,40,Female,35.6,Moderate,35.8,7.8,2,Low,67.5
1243,80,Male,26.5,Mild,47.7,5.0,1,Moderate,64.3
1244,47,Female,26.8,Mild,54.6,5.5,0,Moderate,32.7
1245,71,Male,25.6,Severe,35.2,9.9,1,Moderate,84.3
1246,56,Male,24.9,Moderate,20.0,7.0,3,Low,79.6
1247,49,Male,34.5,Mild,52.0,4.2,2,Moderate,51.3
1248,28,Male,33.7,Severe,29.9,8.9,5,Moderate,71.1
1249,52,Female,29.3,Mild,52.2,8.6,2,Moderate,30.8
1250,32,Male,26.7,Mild,37.8,6.0,0,Low,17.2
1251,70,Male,30.1,Mild,49.1,6.1,2,Moderate,37.5
1252,78,Male,27.5,Severe,43.8,7.3,3,Low,81.7
1253,43,Female,26.3,Mild,46.1,4.4,1,High,48.8
1254,60,Female,28.8,Moderate,45.7,7.3,0,High,39.8
1255,44,Male,25.1,Moderate,58.5,5.8,0,High,39.0
1256,46,Female,28.4,Moderate,43.5,8.8,0,Low,50.4
1257,67,Male,28.2,Mild,64.4,6.0,0,Low,44.1
1258,54,Male,30.0,Mild,63.1,6.3,1,High,34.3
1259,81,Male,24.3,Moderate,22.9,9.6,0,Moderate,48.2
1260,48,Female,30.5,Mild,59.2,7.5,3,Moderate,52.5
1261,70,Male,22.9,Moderate,51.4,6.0,0,Moderate,45.8
1262,56,Female,24.5,Mild,37.7,6.8,3,Low,48.8
1263,67,Female,24.7,Severe,25.3,6.5,1,Moderate,72.9
1264,48,Male,22.2,Moderate,44.0,7.2,2,High,62.2
1265,54,Female,32.0,Moderate,42.4,6.3,0,Moderate,43.7
1266,53,Female,22.6,Moderate,41.2,6.2,0,Moderate,51.5
1267,42,Female,23.9,Mild,61.4,5.0,0,High,25.0
1268,65,Female,33.1,Mild,47.0,6.3,2,Moderate,52.1
1269,65,Male,24.5,Mild,39.6,8.8,1,Low,51.9
1270,64,Female,26.3,Moderate,49.0,6.5,2,Moderate,48.4
1271,78,Female,22.4,Mild,40.9,7.3,4,Low,69.3
1272,77,Male,31.1,Mild,50.3,5.5,1,Low,46.5
1273,49,Female,31.2,Mild,44.3,6.8,1,Moderate,21.3
1274,61,Male,30.7,Mild,44.9,4.7,0,Low,35.9
1275,46,Male,29.7,Moderate,40.9,7.3,0,Low,47.6
1276,55,Male,27.5,Moderate,39.1,9.0,2,Moderate,88.2
1277,46,Male,24.7,Mild,47.8,6.2,1,Low,51.6
1278,79,Female,23.4,Mild,52.5,3.5,1,Moderate,53.8
1279,60,Male,33.3,Moderate,53.3,5.1,0,Low,53.1
1280,52,Female,30.8,Moderate,25.3,5.9,2,Moderate,61.3
1281,73,Female,23.9,Severe,21.4,6.7,2,High,92.7
1282,22,Male,27.4,Severe,24.9,8.5,2,Low,64.4
1283,25,Female,25.8,Moderate,61.5,5.6,1,Moderate,41.9
1284,67,Male,21.9,Severe,39.1,8.2,1,Low,90.3
1285,56,Male,28.0,Severe,41.1,8.8,2,Low,73.5
1286,59,Male,25.2,Moderate,49.9,5.9,0,Moderate,51.3
1287,35,Female,22.7,Moderate,24.4,8.8,1,Low,55.1
1288,55,Female,20.2,Moderate,26.7,8.0,2,Low,58.6
1289,85,Male,19.9,Mild,43.1,3.3,1,Moderate,60.9
1290,67,Female,25.5,Mild,47.8,6.8,0,Moderate,26.3
1291,58,Male,26.8,Severe,41.7,9.2,0,High,72.1
1292,48,Male,23.1,Moderate,26.9,8.6,3,High,63.9
1293,49,Male,30.3,Mild,53.7,5.1,4,Moderate,63.4
1294,23,Male,26.9,Mild,33.9,6.8,5,Low,50.1
1295,59,Female,29.9,Mild,39.2,5.4,3,Low,60.8
1296,68,Female,26.3,Mild,66.6,6.6,0,Moderate,48.8
1297,31,Male,23.5,Moderate,35.9,5.9,1,High,25.5
1298,45,Female,27.7,Moderate,31.3,6.7,4,Low,60.3
1299,38,Female,21.3,Moderate,38.3,8.2,0,Low,58.0
1300,41,Female,29.7,Mild,39.8,7.8,5,Moderate,69.4
1301,56,Female,22.8,Moderate,32.2,5.0,2,High,56.1
1302,24,Female,31.5,Mild,62.9,5.2,0,Moderate,30.5
1303,64,Female,25.6,Mild,68.1,2.8,0,Moderate,31.7
1304,66,Male,32.2,Moderate,40.6,6.9,0,Moderate,72.1
1305,51,Female,21.9,Mild,48.5,5.0,1,Moderate,37.4
1306,18,Male,24.0,Severe,43.6,5.7,1,Moderate,45.9
1307,40,Female,29.0,Moderate,40.5,6.7,2,Moderate,70.8
1308,73,Male,32.7,Mild,60.1,6.6,0,Moderate,52.2
1309,18,Female,35.0,Mild,41.7,5.8,4,Moderate,38.3
1310,50,Male,27.4,Mild,44.0,7.3,1,Low,37.3
1311,37,Female,35.8,Mild,47.5,7.0,1,Low,50.2
1312,67,Female,25.8,Severe,34.1,7.5,1,Low,71.4
1313,45,Female,32.4,Moderate,16.9,8.2,0,Low,59.5
1314,61,Male,22.8,Moderate,52.2,7.9,0,Low,57.2
1315,63,Male,29.2,Moderate,55.8,5.8,1,Moderate,59.6
1316,83,Female,17.0,Severe,48.1,7.4,1,High,55.9
1317,52,Female,21.9,Severe,38.0,6.9,1,Moderate,63.2
1318,61,Male,29.4,Mild,36.1,7.8,1,Moderate,45.4
1319,33,Male,21.0,Mild,51.8,4.4,0,High,30.9
1320,73,Female,29.2,Mild,49.3,8.2,0,High,33.8
1321,44,Male,31.5,Mild,45.7,7.6,0,Low,46.7
1322,47,Female,24.8,Moderate,32.9,7.4,1,Low,39.7
1323,55,Male,22.6,Mild,41.6,6.7,2,Low,44.4
1324,32,Female,25.0,Severe,39.2,6.4,1,High,61.6
1325,58,Female,22.7,Mild,45.1,8.0,0,Low,37.9
1326,70,Female,26.7,Moderate,25.6,7.1,0,Moderate,65.1
1327,59,Male,27.7,Mild,61.9,6.5,0,Moderate,31.6
1328,31,Female,25.8,Mild,61.2,4.5,0,Moderate,21.8
1329,53,Male,35.1,Severe,23.1,6.1,3,Moderate,87.1
1330,66,Male,23.8,Mild,51.1,7.7,1,Moderate,35.4
1331,27,Male,33.7,Moderate,60.5,5.8,0,Moderate,31.1
1332,39,Female,22.3,Severe,40.1,8.3,1,High,63.7
1333,68,Female,27.5,Mild,39.0,4.8,2,Low,44.7
1334,59,Female,32.8,Mild,55.8,5.7,1,High,53.0
1335,61,Male,32.5,Mild,53.0,5.2,0,Moderate,17.1
1336,83,Male,25.2,Mild,44.6,5.9,1,Low,52.2
1337,62,Female,29.8,Severe,33.0,8.4,0,High,81.0
1338,65,Male,29.2,Severe,19.7,8.2,0,High,85.2
1339,85,Female,24.7,Mild,38.2,8.0,3,High,56.3
1340,52,Female,30.1,Moderate,25.3,6.4,0,High,57.5
1341,43,Female,36.0,Severe,38.9,7.1,1,Moderate,78.6
1342,61,Male,29.4,Mild,56.0,6.6,1,Low,40.4
1343,62,Female,29.9,Mild,35.0,6.7,3,Low,64.5
1344,47,Female,30.4,Moderate,65.7,6.5,0,High,31.2
1345,40,Male,20.3,Moderate,43.5,6.0,1,High,27.6
1346,85,Male,29.4,Mild,54.4,6.8,0,High,45.0
1347,60,Female,22.4,Moderate,29.3,7.0,3,High,69.1
1348,44,Female,24.4,Mild,48.6,5.2,1,Moderate,21.6
1349,69,Female,37.4,Moderate,49.4,7.0,0,Low,66.8
1350,53,Female,26.0,Moderate,16.6,7.8,2,Low,54.2
1351,51,Female,23.7,Mild,42.9,5.8,1,Moderate,32.9
1352,63,Male,32.6,Severe,28.4,7.1,1,Moderate,73.2
1353,36,Female,22.7,Moderate,22.6,6.5,2,Low,66.4
1354,60,Male,25.1,Moderate,44.1,4.8,2,High,51.7
1355,84,Female,33.1,Moderate,48.8,8.3,0,Moderate,51.2
1356,62,Female,27.4,Moderate,42.5,8.6,2,Low,84.7
1357,49,Female,19.9,Mild,52.0,3.1,2,High,39.4
1358,47,Female,29.8,Mild,56.5,7.1,0,Moderate,40.2
1359,49,Female,25.3,Moderate,54.8,7.7,0,Moderate,55.0
1360,51,Female,34.4,Moderate,36.5,7.2,2,Moderate,72.2
1361,49,Male,24.4,Mild,60.4,5.6,2,Moderate,44.4
1362,69,Male,32.1,Severe,29.9,8.0,1,Low,86.0
1363,29,Female,35.5,Severe,30.3,9.1,3,Moderate,77.5
1364,68,Male,23.2,Mild,46.5,6.5,1,Moderate,39.6
1365,49,Male,26.3,Mild,52.7,8.1,1,High,38.9
1366,61,Male,29.0,Moderate,20.9,9.4,2,High,60.2
1367,38,Female,23.2,Mild,45.6,4.8,1,Low,37.1
1368,75,Female,28.5,Severe,20.9,9.8,2,High,81.2
1369,74,Female,26.1,Moderate,39.1,8.0,1,Low,73.7
1370,69,Female,26.0,Mild,31.4,6.1,2,Low,45.4
1371,32,Female,27.4,Mild,65.2,4.4,1,Moderate,27.6
1372,67,Male,27.5,Mild,44.9,6.3,3,High,34.5
1373,61,Male,28.0,Moderate,56.4,6.4,0,High,49.9
1374,31,Female,24.4,Mild,50.1,8.0,1,High,31.2
1375,55,Female,24.6,Moderate,22.6,7.5,0,Low,77.7
1376,60,Female,26.6,Severe,43.2,8.6,0,Low,78.5
1377,63,Female,27.0,Severe,31.2,8.1,1,Low,85.6
1378,58,Male,25.1,Mild,63.2,5.2,1,Moderate,26.2
1379,59,Female,28.7,Mild,54.9,6.1,0,Moderate,38.8
1380,77,Male,18.7,Severe,22.4,7.7,2,Low,78.1
1381,73,Male,23.8,Mild,41.1,6.2,1,Moderate,61.4
1382,18,Male,25.9,Mild,54.4,5.2,2,Moderate,17.6
1383,50,Male,23.2,Severe,38.5,8.7,1,Moderate,59.8
1384,53,Male,34.9,Severe,34.9,7.3,0,Moderate,77.5
1385,29,Female,27.3,Severe,26.8,7.6,0,Low,80.1
1386,56,Female,28.0,Mild,43.6,7.0,1,Moderate,50.5
1387,74,Male,24.9,Moderate,47.9,8.3,1,Moderate,59.9
1388,39,Female,27.1,Mild,46.1,6.9,1,Low,28.4
1389,60,Male,21.5,Moderate,40.2,6.7,1,Low,56.1
1390,41,Female,26.4,Mild,64.0,3.7,0,High,21.1
1391,45,Female,22.8,Severe,39.2,7.2,1,Moderate,66.0
1392,77,Female,25.9,Mild,63.7,8.1,1,Low,39.2
1393,47,Male,17.0,Moderate,51.2,5.5,3,Moderate,73.7
1394,62,Female,21.9,Severe,34.8,7.0,1,Moderate,85.4
1395,27,Female,34.1,Moderate,27.7,7.9,2,Low,79.7
1396,83,Female,31.1,Mild,41.8,6.4,1,Low,39.3
1397,64,Male,33.4,Moderate,52.2,7.0,2,High,53.0
1398,52,Male,33.7,Moderate,23.2,7.8,3,Moderate,72.1
1399,64,Female,30.4,Mild,51.0,5.5,2,Low,57.2
1400,34,Male,25.1,Mild,40.6,6.7,1,Moderate,24.9
1401,73,Female,22.3,Moderate,46.9,6.8,1,Moderate,53.4
1402,50,Male,32.6,Severe,46.7,8.7,0,Moderate,55.7
1403,52,Female,27.5,Severe,39.7,7.7,1,Low,89.4
1404,48,Female,38.9,Mild,42.6,8.2,3,Low,45.9
1405,46,Male,25.5,Mild,56.4,6.5,0,Low,19.1
1406,65,Male,36.5,Mild,59.1,4.3,2,High,31.0
1407,59,Female,26.5,Severe,27.2,7.4,1,Moderate,75.3
1408,65,Male,33.5,Severe,37.3,6.4,1,High,69.9
1409,55,Male,35.2,Severe,28.5,8.6,1,Low,83.8
1410,63,Female,22.4,Moderate,51.8,7.1,0,Moderate,43.6
1411,49,Male,24.9,Mild,35.9,7.7,2,Moderate,42.9
1412,85,Male,22.3,Moderate,37.2,7.8,2,Moderate,74.0
1413,31,Female,21.4,Mild,59.8,5.8,0,Moderate,40.1
1414,74,Male,30.3,Mild,55.4,5.5,2,Moderate,72.3
1415,76,Female,26.3,Mild,51.6,6.6,2,Low,58.2
1416,42,Male,27.4,Mild,40.3,7.2,1,Low,50.8
1417,85,Female,29.8,Mild,44.9,6.2,3,Moderate,64.6
1418,70,Female,18.5,Severe,29.0,8.5,1,Low,85.9
1419,70,Male,33.2,Moderate,49.9,4.6,0,Low,69.6
1420,55,Male,25.6,Moderate,63.3,7.8,0,High,50.5
1421,52,Male,29.7,Mild,36.6,6.1,0,Low,48.4
1422,52,Male,30.1,Moderate,47.3,6.8,1,Moderate,60.5
1423,61,Female,33.6,Mild,48.8,6.7,0,High,34.7
1424,76,Female,26.7,Mild,43.5,5.4,1,Moderate,59.3
1425,58,Female,17.2,Mild,40.1,6.6,0,Low,36.8
1426,41,Female,27.5,Mild,49.0,2.8,0,Moderate,19.2
1427,67,Female,28.1,Severe,45.7,8.0,0,Moderate,53.9
1428,69,Male,22.3,Severe,19.7,7.8,3,Moderate,86.3
1429,65,Male,27.9,Mild,60.6,4.9,2,Moderate,54.8
1430,66,Female,25.5,Moderate,41.6,9.4,1,High,38.3
1431,51,Female,20.9,Mild,47.0,6.7,1,Low,34.1
1432,41,Male,30.4,Mild,36.4,3.6,0,Low,40.7
1433,42,Female,24.6,Moderate,33.9,8.1,1,Moderate,47.9
1434,30,Female,25.3,Moderate,37.9,7.8,2,Moderate,51.1
1435,59,Female,25.0,Moderate,38.6,7.9,0,Moderate,63.8
1436,54,Female,33.0,Mild,54.8,7.8,1,Low,46.1
1437,48,Female,27.0,Moderate,13.1,6.5,3,Low,74.3
1438,18,Male,27.6,Mild,52.8,5.3,2,Moderate,18.0
1439,36,Female,25.1,Mild,76.4,4.5,0,High,21.8
1440,72,Male,29.4,Mild,61.0,5.5,0,Low,28.2
1441,45,Female,33.5,Mild,41.7,6.1,2,High,25.1
1442,60,Male,30.2,Mild,35.7,6.4,2,Moderate,42.5
1443,34,Female,30.4,Mild,48.8,5.4,0,Low,38.5
1444,77,Female,30.0,Moderate,29.8,9.4,3,Moderate,77.9
1445,53,Female,20.7,Mild,44.5,7.2,3,Low,46.6
1446,59,Female,23.1,Mild,44.6,7.3,3,Moderate,62.0
1447,85,Female,26.2,Severe,36.4,9.1,2,Low,88.6
1448,78,Male,23.8,Severe,33.5,9.2,1,Moderate,86.9
1449,50,Female,22.2,Mild,50.7,7.5,0,Low,25.0
1450,46,Female,18.4,Mild,59.2,5.5,1,High,41.7
1451,50,Female,20.9,Mild,74.3,7.4,0,High,41.4
1452,63,Male,26.0,Severe,35.2,6.9,2,Moderate,84.2
1453,53,Male,26.9,Mild,48.2,6.7,0,Moderate,39.0
1454,49,Male,23.5,Mild,49.6,6.9,2,High,41.4
1455,77,Male,27.6,Severe,20.2,8.8,1,Low,85.2
1456,53,Male,25.2,Moderate,41.1,6.5,1,High,32.4
1457,85,Male,32.3,Mild,56.6,5.0,1,Moderate,43.9
1458,56,Female,26.4,Mild,49.2,6.2,0,High,27.9
1459,82,Male,30.5,Mild,35.5,7.5,0,Low,40.3
1460,60,Male,28.2,Mild,42.4,7.0,1,Low,63.3
1461,69,Female,20.6,Mild,54.3,9.3,0,Low,50.6
1462,44,Male,26.8,Moderate,41.0,7.3,0,Low,72.5
1463,42,Female,21.4,Moderate,33.7,6.4,2,Low,70.8
1464,62,Female,26.7,Moderate,51.8,6.8,2,High,42.1
1465,70,Female,23.7,Moderate,56.7,7.6,0,Low,73.4
1466,56,Male,29.0,Moderate,46.5,6.6,2,Low,65.3
1467,36,Male,20.9,Mild,47.5,4.8,1,Low,49.7
1468,35,Female,27.3,Moderate,47.7,6.9,3,Moderate,72.5
1469,34,Female,29.9,Mild,55.6,4.8,2,Moderate,52.8
1470,28,Female,31.5,Mild,50.1,5.8,2,Low,52.4
1471,57,Female,23.6,Mild,64.1,6.5,1,Moderate,42.2
1472,72,Male,27.3,Moderate,52.2,6.8,0,High,50.3
1473,55,Female,28.1,Moderate,47.1,6.8,0,Low,76.1
1474,21,Female,34.5,Moderate,31.4,7.1,0,Moderate,43.9
1475,52,Female,20.2,Moderate,60.5,6.9,2,Moderate,54.2
1476,53,Male,22.9,Severe,26.5,7.5,1,Moderate,76.1
1477,85,Female,40.4,Mild,60.2,5.8,1,High,65.8
1478,33,Male,25.9,Mild,55.9,5.8,1,High,34.8
1479,49,Female,18.3,Moderate,44.6,5.8,2,Moderate,44.1
1480,81,Female,24.5,Moderate,62.0,7.4,2,Moderate,78.4
1481,62,Male,17.0,Mild,52.5,6.8,2,Low,61.7
1482,63,Female,28.3,Mild,32.4,3.9,2,Moderate,43.2
1483,57,Male,31.0,Severe,32.8,10.0,0,Moderate,63.4
1484,60,Female,22.9,Mild,35.7,6.2,1,Low,59.7
1485,67,Male,25.0,Severe,32.8,7.8,0,High,80.5
1486,43,Male,31.5,Moderate,37.6,7.1,1,Moderate,71.0
1487,68,Male,19.0,Severe,39.7,9.7,0,Low,63.7
1488,34,Female,21.0,Mild,39.3,6.8,1,High,22.4
1489,60,Male,26.1,Moderate,35.7,7.2,2,Moderate,65.2
1490,58,Male,23.7,Mild,59.8,6.7,0,Low,54.5
1491,46,Female,25.8,Mild,69.0,6.4,1,Moderate,41.7
1492,55,Female,21.3,Mild,57.1,5.6,2,High,33.4
1493,46,Male,28.2,Moderate,57.5,4.8,2,High,55.3
1494,39,Female,26.5,Moderate,42.8,6.8,2,Low,69.4
1495,50,Male,29.8,Moderate,45.2,6.6,0,Moderate,58.3
1496,38,Male,28.1,Mild,64.4,5.3,0,High,37.2
1497,60,Female,28.2,Mild,47.0,5.3,1,High,50.5
1498,38,Male,20.4,Mild,51.2,7.6,2,Low,58.0
1499,66,Male,29.5,Moderate,42.0,6.1,1,Moderate,51.5
1500,37,Female,25.6,Mild,38.1,6.1,2,High,24.9
1501,47,Male,26.4,Moderate,31.7,5.9,2,Low,53.4
1502,46,Female,32.1,Mild,44.5,6.0,1,Moderate,41.2
1503,75,Female,23.8,Moderate,32.8,8.2,4,Moderate,75.5
1504,60,Male,33.6,Moderate,23.4,7.4,1,Moderate,69.7
1505,52,Female,34.0,Moderate,51.4,6.6,1,Moderate,64.1
1506,62,Male,30.7,Moderate,55.5,6.6,0,Low,61.3
1507,23,Female,22.6,Severe,57.6,8.2,0,Moderate,60.2
1508,54,Female,17.0,Mild,64.8,7.2,0,Low,29.9
1509,85,Female,32.3,Mild,52.9,7.7,0,High,25.4
1510,57,Male,27.7,Severe,40.6,6.7,0,Moderate,61.3
1511,56,Male,23.7,Severe,30.5,9.0,2,Low,86.8
1512,63,Male,32.7,Moderate,42.6,7.5,2,High,79.0
1513,68,Male,23.2,Mild,41.9,7.0,1,Moderate,58.3
1514,25,Male,25.2,Mild,45.2,4.3,1,Moderate,23.4
1515,30,Male,29.7,Severe,17.0,8.3,3,Low,85.9
1516,58,Female,22.0,Moderate,38.2,7.5,2,Moderate,45.8
1517,44,Male,26.7,Mild,45.4,6.1,0,High,40.8
1518,75,Male,32.3,Mild,37.0,6.1,1,Low,62.6
1519,50,Male,28.2,Severe,41.2,7.5,1,High,71.6
1520,26,Female,33.1,Moderate,42.8,6.5,2,Moderate,32.9
1521,36,Female,32.5,Severe,55.6,6.0,1,Moderate,69.7
1522,18,Male,27.2,Mild,36.5,6.8,3,Moderate,54.3
1523,51,Female,17.0,Mild,33.7,7.5,2,Low,52.4
1524,52,Female,22.0,Mild,23.0,5.9,5,High,52.6
1525,49,Male,30.8,Moderate,38.3,6.7,1,Low,60.0
1526,71,Female,19.9,Mild,46.8,6.3,0,High,27.0
1527,73,Female,25.7,Mild,50.0,5.3,0,Low,46.9
1528,52,Female,28.8,Mild,57.5,5.8,1,Low,30.7
1529,23,Female,34.1,Mild,57.3,7.4,0,High,25.5
1530,64,Male,24.5,Severe,29.1,7.6,0,Moderate,81.0
1531,63,Male,24.2,Mild,32.6,5.0,3,Low,56.5
1532,60,Male,27.0,Moderate,32.1,5.9,0,Moderate,59.4
1533,70,Male,28.8,Moderate,11.2,8.2,1,Low,70.4
1534,38,Male,26.5,Mild,69.5,5.3,3,High,37.7
1535,85,Female,32.1,Moderate,40.7,7.4,0,Low,78.9
1536,41,Male,23.4,Severe,52.2,8.0,1,Moderate,70.8
1537,66,Female,27.8,Moderate,28.0,7.3,2,Low,79.5
1538,30,Female,29.3,Moderate,47.1,8.2,0,Moderate,45.9
1539,41,Male,25.3,Severe,40.2,6.9,1,High,69.2
1540,78,Male,31.1,Severe,36.2,9.0,3,High,86.2
1541,51,Female,27.9,Moderate,56.9,4.5,0,Moderate,49.9
1542,68,Male,30.9,Moderate,27.8,7.4,3,Low,83.5
1543,59,Female,28.1,Moderate,44.5,7.0,1,Low,62.4
1544,53,Female,29.0,Moderate,41.0,7.5,2,High,60.1
1545,75,Female,24.2,Mild,35.3,8.2,1,Low,43.9
1546,51,Female,24.2,Mild,54.7,6.4,0,Moderate,15.8
1547,28,Male,33.0,Severe,38.2,8.0,0,Moderate,64.6
1548,43,Female,30.2,Mild,46.0,5.0,2,High,26.8
1549,63,Female,22.4,Severe,34.7,8.4,0,Moderate,86.2
1550,61,Female,28.1,Severe,23.8,7.6,0,Moderate,62.7
1551,31,Male,17.0,Mild,50.9,7.9,0,High,26.9
1552,44,Male,24.5,Mild,56.1,4.5,1,High,21.2
1553,46,Male,31.7,Severe,33.6,10.0,0,Moderate,68.1
1554,50,Female,26.6,Mild,60.5,4.5,0,Moderate,18.3
1555,34,Male,27.8,Severe,40.2,9.8,2,Moderate,55.9
1556,46,Male,17.0,Mild,49.8,5.9,2,Moderate,44.6
1557,44,Female,25.4,Mild,61.6,5.9,2,Low,39.0
1558,67,Female,28.8,Mild,39.1,5.9,2,Moderate,57.0
1559,67,Female,29.4,Mild,47.0,3.8,0,Moderate,52.9
1560,53,Female,31.7,Severe,33.6,9.1,2,Low,68.9
1561,49,Female,26.2,Mild,56.8,3.6,0,Low,43.6
1562,57,Female,26.4,Mild,52.9,5.7,0,Moderate,22.7
1563,43,Female,20.9,Moderate,27.3,7.8,2,Low,60.5
1564,38,Male,26.2,Severe,25.9,9.2,2,Moderate,55.0
1565,41,Female,21.3,Mild,57.2,4.7,0,Moderate,16.3
1566,45,Female,18.5,Severe,27.5,8.1,0,Moderate,40.3
1567,38,Male,22.1,Mild,31.1,8.5,1,Low,33.8
1568,57,Female,34.3,Severe,40.4,8.0,0,Moderate,72.4
1569,66,Female,25.9,Severe,30.1,8.7,2,Moderate,77.4
1570,31,Female,28.2,Severe,33.4,8.5,2,Moderate,49.1
1571,55,Female,24.8,Moderate,50.8,6.9,1,Moderate,32.1
1572,52,Female,18.8,Severe,35.1,6.8,0,High,61.4
1573,60,Female,31.6,Mild,37.6,7.9,0,Low,52.5
1574,55,Female,17.0,Severe,31.4,7.1,2,Moderate,77.7
1575,33,Male,24.6,Moderate,36.5,9.9,1,Low,73.9
1576,36,Male,26.9,Mild,58.0,8.0,0,High,21.4
1577,55,Female,28.3,Severe,33.8,7.1,0,Low,77.2
1578,70,Female,23.8,Severe,20.0,8.7,1,Moderate,77.8
1579,22,Female,18.6,Severe,38.9,10.0,1,Moderate,49.7
1580,60,Male,23.4,Mild,41.0,6.3,1,Low,42.4
1581,73,Male,23.7,Severe,24.6,8.5,1,High,81.6
1582,53,Female,23.6,Mild,52.0,8.0,1,Low,51.8
1583,63,Female,31.8,Severe,29.4,5.9,0,Low,80.1
1584,44,Female,21.5,Mild,39.5,6.1,1,Moderate,53.9
1585,53,Male,28.6,Moderate,35.5,7.6,1,Moderate,60.6
1586,31,Male,27.9,Mild,67.6,6.6,1,Low,35.3
1587,20,Female,31.7,Moderate,21.9,7.3,2,Low,74.4
1588,69,Male,26.6,Mild,55.8,5.3,1,Low,37.3
1589,40,Female,30.9,Severe,23.5,7.7,0,High,73.9
1590,48,Male,26.4,Severe,32.5,9.2,1,Moderate,60.9
1591,34,Male,29.2,Mild,57.8,6.6,2,Low,38.0
1592,34,Female,20.1,Moderate,34.6,5.9,0,Moderate,20.9
1593,52,Female,17.0,Moderate,40.3,7.1,1,High,51.6
1594,44,Male,29.0,Mild,71.9,8.2,1,High,42.8
1595,61,Female,29.2,Mild,66.1,4.2,2,Low,38.1
1596,62,Male,29.4,Mild,50.1,5.2,0,Moderate,32.8
1597,60,Female,24.7,Mild,65.1,5.1,0,Low,32.1
1598,59,Male,34.2,Moderate,48.2,6.5,1,Low,62.6
1599,79,Female,25.0,Moderate,59.0,5.5,0,High,41.5
1600,39,Female,29.2,Mild,60.0,3.4,1,High,27.1
1601,54,Female,30.0,Severe,38.2,9.4,2,Low,90.6
1602,72,Female,35.3,Mild,61.3,5.8,1,High,37.5
1603,74,Female,25.7,Severe,36.6,8.4,2,Moderate,83.1
1604,34,Male,24.1,Severe,32.0,8.9,2,Moderate,72.2
1605,50,Female,20.2,Moderate,35.5,9.0,1,Moderate,51.2
1606,75,Female,34.5,Moderate,62.4,6.3,2,Moderate,73.7
1607,63,Female,29.2,Mild,57.6,4.7,1,High,30.6
1608,58,Female,29.3,Severe,20.6,7.6,0,Low,79.2
1609,52,Male,41.8,Moderate,33.9,5.0,2,Moderate,67.4
1610,49,Male,28.7,Severe,35.7,8.5,1,Low,59.5
1611,59,Female,21.1,Mild,48.0,6.2,1,High,16.5
1612,51,Male,26.3,Moderate,18.8,7.6,4,Low,53.2
1613,54,Male,22.6,Moderate,26.4,6.3,3,Moderate,59.9
1614,56,Male,25.3,Moderate,46.3,6.6,1,Moderate,65.4
1615,45,Female,25.3,Moderate,40.5,6.9,3,Low,59.4
1616,63,Female,24.4,Mild,54.5,4.9,0,Low,39.9
1617,85,Female,20.7,Mild,22.3,7.6,3,Low,64.3
1618,28,Male,34.7,Mild,47.5,6.6,2,Moderate,28.8
1619,60,Male,28.6,Mild,52.8,5.5,0,Low,65.5
1620,44,Female,26.1,Mild,63.3,6.2,1,Moderate,25.4
1621,64,Female,30.8,Mild,41.6,7.2,2,Moderate,32.7
1622,56,Male,29.4,Mild,67.3,4.7,0,High,19.3
1623,66,Male,28.5,Moderate,18.3,7.8,4,Moderate,77.2
1624,73,Female,30.4,Severe,16.5,7.4,2,Low,82.5
1625,58,Male,27.8,Mild,58.8,6.0,0,High,35.0
1626,72,Female,30.4,Mild,49.3,4.4,0,High,30.1
1627,20,Female,30.7,Moderate,32.5,7.8,1,Moderate,38.1
1628,79,Male,28.0,Mild,38.1,4.7,2,Moderate,44.7
1629,61,Male,26.2,Mild,62.2,4.8,0,Low,39.7
1630,71,Male,34.4,Moderate,42.5,7.2,1,Moderate,74.5
1631,37,Female,25.0,Severe,36.2,10.0,2,Moderate,78.8
1632,43,Female,29.0,Mild,44.5,5.5,1,Low,57.5
1633,57,Female,29.1,Severe,36.3,6.8,1,Low,64.3
1634,55,Female,24.3,Mild,48.3,5.1,2,Low,36.8
1635,59,Female,23.4,Mild,50.1,6.2,1,Moderate,27.7
1636,71,Female,25.5,Mild,23.1,8.0,1,Low,54.5
1637,29,Female,24.9,Moderate,47.8,5.3,1,Moderate,31.1
1638,70,Female,20.3,Moderate,42.1,7.5,1,High,48.7
1639,55,Female,24.1,Moderate,27.2,8.7,1,Low,69.3
1640,52,Male,28.5,Severe,25.0,8.3,2,Low,86.2
1641,33,Female,33.1,Moderate,44.8,5.9,1,Low,64.4
1642,63,Male,29.8,Mild,40.4,6.4,2,Moderate,51.2
1643,19,Male,17.0,Moderate,49.4,6.5,1,High,28.9
1644,65,Male,30.2,Mild,44.7,4.6,1,Moderate,43.8
1645,33,Female,24.6,Moderate,22.6,7.2,1,High,56.3
1646,56,Female,29.3,Severe,45.9,7.6,1,High,75.2
1647,53,Male,27.1,Moderate,32.0,7.0,1,Low,69.6
1648,73,Female,26.3,Mild,61.4,5.7,0,Moderate,48.5
1649,52,Female,26.7,Moderate,55.5,7.3,0,Moderate,45.9
1650,45,Female,27.1,Mild,44.4,5.3,1,Moderate,41.5
1651,47,Male,33.5,Mild,39.9,7.7,2,Low,46.4
1652,74,Female,27.1,Moderate,49.9,7.7,0,Moderate,65.2
1653,63,Male,32.3,Mild,43.9,9.2,0,Moderate,54.7
1654,49,Female,31.6,Mild,63.3,7.1,0,Moderate,54.2
1655,51,Female,30.3,Moderate,42.1,10.0,2,Low,74.6
1656,31,Male,18.8,Mild,52.1,5.7,0,Low,32.4
1657,61,Female,32.4,Mild,63.4,6.7,1,Moderate,60.0
1658,29,Male,25.0,Severe,41.4,6.0,2,Moderate,56.8
1659,66,Female,30.6,Mild,60.0,6.2,2,Moderate,65.4
1660,57,Female,22.6,Mild,34.6,7.4,2,Low,52.5
1661,85,Male,21.6,Severe,26.6,9.8,2,Low,88.1
1662,38,Female,36.5,Mild,40.9,7.9,1,Moderate,30.5
1663,53,Female,22.7,Severe,32.9,9.2,1,Moderate,58.8
1664,82,Male,32.6,Moderate,35.6,6.5,0,Low,82.8
1665,73,Male,27.8,Moderate,42.8,7.2,1,Moderate,65.9
1666,45,Male,25.2,Mild,59.6,3.9,1,Moderate,28.9
1667,58,Female,27.0,Mild,59.8,7.1,2,Moderate,48.3
1668,55,Female,21.1,Moderate,33.5,7.8,0,Low,51.4
1669,59,Male,27.1,Mild,54.4,7.2,2,Moderate,25.2
1670,45,Female,22.1,Moderate,42.7,6.7,0,High,38.5
1671,54,Female,25.3,Severe,34.8,6.8,0,Moderate,52.4
1672,31,Male,31.5,Moderate,44.3,6.9,0,Moderate,45.1
1673,57,Female,28.4,Mild,39.0,5.3,0,Low,60.3
1674,62,Female,20.2,Moderate,49.0,7.7,1,Low,57.1
1675,52,Female,31.2,Moderate,45.4,4.4,0,High,54.1
1676,31,Female,27.2,Mild,46.1,4.8,2,High,22.3
1677,70,Male,24.7,Severe,36.2,7.0,2,Low,84.3
1678,60,Male,30.7,Mild,59.9,5.7,0,High,20.4
1679,44,Female,26.4,Severe,25.1,5.8,3,Low,84.6
1680,51,Female,21.7,Mild,51.5,7.2,2,Moderate,57.6
1681,32,Male,35.9,Mild,51.4,5.9,1,Moderate,35.1
1682,40,Female,27.1,Moderate,53.1,4.0,0,Moderate,46.9
1683,47,Female,26.8,Mild,35.3,8.8,2,Moderate,47.0
1684,73,Male,25.3,Mild,40.7,7.6,1,Moderate,44.0
1685,45,Male,32.7,Mild,38.5,5.7,1,Low,57.6
1686,65,Female,24.7,Severe,33.4,7.6,1,High,64.7
1687,47,Male,19.9,Mild,41.9,5.3,1,Low,23.1
1688,59,Female,24.0,Moderate,37.5,4.9,2,Low,56.6
1689,53,Male,33.4,Moderate,45.9,8.3,0,High,55.4
1690,68,Female,31.1,Moderate,24.2,7.3,1,Moderate,61.7
1691,47,Female,26.0,Mild,31.3,4.9,2,Moderate,41.8
1692,31,Male,33.7,Mild,54.9,5.6,2,Low,39.0
1693,34,Female,30.7,Severe,47.0,8.9,0,Low,69.9
1694,47,Female,25.9,Moderate,40.2,9.4,1,Low,73.1
1695,36,Female,26.4,Severe,35.2,8.4,0,Moderate,75.1
1696,61,Male,28.7,Moderate,48.6,7.2,1,Moderate,48.7
1697,48,Male,23.3,Severe,30.8,7.5,1,Moderate,79.6
1698,85,Female,27.2,Severe,27.4,8.3,1,High,79.2
1699,29,Male,28.7,Moderate,42.6,7.4,1,High,26.9
1700,58,Male,19.3,Severe,46.5,7.9,2,Low,83.2
1701,38,Female,26.3,Mild,52.2,6.4,2,High,51.4
1702,48,Female,25.8,Mild,69.4,5.4,1,High,21.7
1703,57,Female,32.0,Moderate,29.6,7.4,3,High,62.2
1704,20,Female,18.5,Mild,52.3,7.6,1,Moderate,13.5
1705,59,Female,25.4,Mild,31.2,7.8,1,Low,44.6
1706,84,Female,24.9,Moderate,56.8,7.9,0,Low,67.7
1707,48,Female,31.7,Moderate,51.7,7.1,2,High,74.9
1708,59,Female,27.0,Severe,35.6,10.0,3,Moderate,74.3
1709,70,Male,35.6,Mild,48.0,6.3,0,High,51.1
1710,53,Female,30.3,Mild,46.1,7.3,0,Moderate,38.5
1711,46,Male,25.3,Moderate,62.0,5.9,1,Low,78.6
1712,21,Male,28.3,Moderate,31.4,9.2,3,Moderate,58.4
1713,65,Male,25.5,Severe,50.3,6.0,2,High,73.8
1714,53,Male,31.2,Mild,52.9,6.6,0,Low,48.5
1715,40,Male,20.9,Mild,56.3,5.3,0,Moderate,31.2
1716,57,Female,23.3,Severe,25.4,8.6,2,High,81.2
1717,46,Male,29.3,Mild,42.2,2.6,0,Low,39.5
1718,47,Female,33.0,Moderate,49.9,4.6,1,Low,44.0
1719,64,Male,17.0,Mild,49.2,7.4,0,Moderate,44.3
1720,35,Female,33.7,Mild,60.3,5.5,0,High,30.0
1721,71,Female,26.5,Severe,23.1,8.7,3,Moderate,79.3
1722,34,Female,18.3,Mild,61.8,5.4,0,Low,30.4
1723,45,Male,17.0,Mild,79.5,4.5,1,Low,19.2
1724,84,Female,20.0,Severe,54.3,8.4,1,Moderate,81.9
1725,72,Female,27.1,Mild,43.8,5.9,0,Low,53.5
1726,56,Female,26.9,Mild,48.3,6.7,0,Low,52.1
1727,41,Female,30.2,Moderate,40.3,8.8,0,High,49.7
1728,47,Male,24.6,Moderate,35.6,6.2,0,Low,43.5
1729,56,Male,22.0,Moderate,38.9,6.7,1,High,33.0
1730,56,Female,25.3,Mild,55.6,6.1,2,High,46.0
1731,54,Female,27.4,Mild,46.4,4.8,2,Moderate,45.1
1732,55,Female,28.3,Mild,47.3,5.1,0,Moderate,39.1
1733,52,Female,23.5,Severe,20.5,7.1,1,Low,88.1
1734,33,Male,31.4,Mild,48.7,7.3,1,Moderate,18.6
1735,47,Male,24.3,Severe,30.7,7.5,3,Moderate,88.7
1736,69,Female,23.1,Mild,35.7,7.8,0,Low,36.7
1737,34,Male,24.7,Mild,53.1,5.9,2,Moderate,44.3
1738,52,Female,32.3,Moderate,39.9,9.2,0,Low,58.3
1739,43,Male,26.6,Mild,37.8,6.0,2,Low,41.2
1740,57,Female,23.9,Moderate,44.1,6.9,1,Moderate,40.7
1741,49,Male,31.6,Severe,43.1,6.9,0,Moderate,56.2
1742,77,Female,37.3,Severe,32.5,7.1,2,Low,89.8
1743,63,Male,28.2,Moderate,36.9,7.0,1,Low,70.5
1744,35,Female,33.0,Moderate,34.8,7.8,0,Low,65.0
1745,65,Female,32.1,Mild,44.7,5.5,1,Moderate,36.5
1746,43,Female,24.4,Moderate,53.2,5.0,0,Moderate,53.6
1747,46,Female,27.3,Mild,46.0,7.7,1,Low,39.3
1748,60,Male,21.2,Mild,51.9,5.8,2,Moderate,51.2
1749,48,Male,26.2,Moderate,34.6,6.6,1,High,54.7
1750,68,Male,24.3,Mild,60.4,6.7,0,Moderate,30.1
1751,43,Female,25.3,Moderate,27.9,7.5,1,Moderate,53.9
1752,46,Male,23.7,Mild,41.1,7.9,3,Moderate,49.3
1753,45,Male,25.9,Mild,52.8,5.3,0,High,31.6
1754,47,Female,29.7,Moderate,49.5,8.6,2,High,68.8
1755,71,Female,26.6,Moderate,31.0,8.1,1,Low,64.0
1756,64,Female,18.4,Severe,43.7,7.0,0,Low,62.4
1757,81,Female,23.7,Mild,19.9,9.1,2,Low,75.2
1758,85,Male,20.1,Mild,53.0,6.7,2,Moderate,40.8
1759,40,Male,28.3,Mild,59.8,3.9,0,Low,41.7
1760,56,Male,29.6,Moderate,35.6,6.9,3,High,53.8
1761,37,Female,28.4,Mild,36.0,6.8,3,Low,42.3
1762,43,Male,23.5,Moderate,39.6,7.7,0,Moderate,44.1
1763,46,Male,28.4,Mild,34.6,7.3,1,Low,25.8
1764,39,Female,25.0,Severe,39.0,8.8,0,Moderate,51.3
1765,39,Male,21.9,Moderate,34.9,8.2,1,Moderate,29.4
1766,53,Female,30.7,Moderate,27.9,6.8,3,Moderate,74.2
1767,37,Female,31.0,Mild,46.1,4.6,3,Moderate,42.5
1768,68,Female,31.7,Mild,39.1,6.1,0,Moderate,41.8
1769,41,Female,24.3,Mild,45.1,7.2,1,Moderate,32.8
1770,85,Male,32.7,Moderate,38.8,7.8,1,High,65.7
1771,48,Female,24.9,Moderate,51.8,7.5,0,Moderate,41.3
1772,56,Female,30.3,Mild,41.2,6.3,2,Moderate,57.4
1773,36,Female,24.8,Mild,47.7,7.2,3,Moderate,23.7
1774,81,Female,26.1,Severe,51.6,7.5,1,High,61.1
1775,72,Female,17.0,Mild,37.7,7.5,1,Moderate,62.5
1776,59,Female,25.8,Mild,51.3,5.7,1,High,36.6
1777,35,Male,27.6,Mild,54.6,5.0,2,High,14.0
1778,58,Female,25.3,Mild,52.3,6.2,1,Low,48.5
1779,38,Male,35.5,Mild,60.7,6.1,1,Low,23.0
1780,77,Female,21.7,Moderate,32.1,8.4,2,Moderate,82.8
1781,67,Male,24.6,Moderate,15.3,8.5,0,Moderate,69.5
1782,56,Male,22.9,Moderate,21.8,6.4,2,Moderate,82.1
1783,18,Female,24.6,Mild,59.3,4.6,0,High,15.4
1784,40,Female,32.0,Mild,14.3,5.4,3,Moderate,36.9
1785,65,Male,34.1,Severe,33.1,8.0,3,Moderate,80.0
1786,73,Female,23.9,Mild,44.3,6.0,2,Moderate,43.8
1787,72,Male,23.8,Mild,44.7,6.7,0,Low,48.3
1788,31,Female,21.8,Moderate,37.1,6.8,1,Moderate,25.7
1789,60,Female,33.3,Moderate,36.4,6.5,2,High,60.4
1790,70,Female,32.5,Mild,52.5,6.0,0,Low,36.5
1791,30,Male,26.7,Severe,50.7,7.3,0,High,43.1
1792,55,Female,20.6,Mild,47.9,5.0,2,High,53.1
1793,59,Male,21.1,Severe,26.6,9.1,1,Low,85.3
1794,50,Male,28.0,Mild,48.7,7.6,0,High,32.9
1795,27,Female,29.8,Moderate,49.5,6.5,2,Moderate,55.6
1796,50,Female,17.5,Mild,52.4,6.8,2,Moderate,37.6
1797,50,Female,25.7,Severe,32.5,8.3,1,Low,75.8
1798,53,Female,34.8,Moderate,56.2,7.5,1,Low,46.1
1799,47,Male,26.2,Severe,36.8,7.5,1,Moderate,54.6
1800,48,Female,34.2,Moderate,45.9,7.8,1,Low,64.4
1801,54,Female,30.3,Moderate,38.5,5.9,1,Low,49.9
1802,62,Male,22.1,Mild,33.9,7.4,2,High,50.3
1803,50,Male,25.8,Mild,37.9,5.3,2,Moderate,40.2
1804,49,Female,26.6,Severe,16.8,9.3,1,Moderate,68.7
1805,56,Male,22.7,Severe,29.7,8.1,1,High,61.2
1806,26,Female,22.6,Mild,34.4,5.5,1,Low,37.4
1807,62,Male,34.3,Mild,55.2,5.6,1,Low,57.2
1808,55,Female,22.6,Mild,49.7,6.4,1,Moderate,25.8
1809,56,Female,32.3,Mild,32.9,6.1,0,Moderate,31.8
1810,69,Female,25.1,Mild,53.5,6.2,0,Low,41.4
1811,26,Male,27.1,Moderate,57.0,7.5,1,Moderate,47.2
1812,25,Male,29.8,Mild,45.0,4.4,1,Low,35.0
1813,59,Female,24.4,Severe,14.4,8.6,2,Moderate,76.9
1814,55,Male,29.9,Severe,33.8,8.2,0,Moderate,76.2
1815,58,Male,17.6,Mild,63.4,5.2,0,Moderate,31.7
1816,48,Female,29.3,Moderate,37.4,6.6,0,Low,38.0
1817,65,Male,17.0,Moderate,46.8,5.6,1,Low,76.2
1818,69,Female,26.1,Mild,45.1,4.8,0,High,44.6
1819,62,Male,31.2,Moderate,42.7,6.6,1,High,38.3
1820,51,Female,30.1,Moderate,47.1,6.0,1,Moderate,56.8
1821,23,Female,21.1,Mild,47.9,5.1,0,Low,38.2
1822,67,Female,21.7,Severe,32.2,9.3,0,Moderate,69.2
1823,73,Female,24.0,Mild,57.6,5.6,3,Low,68.7
1824,65,Male,28.1,Mild,37.6,6.0,3,Low,75.0
1825,42,Female,17.6,Severe,33.2,9.6,4,Low,85.7
1826,65,Female,27.1,Mild,49.9,5.5,1,Low,70.9
1827,68,Female,28.7,Mild,51.7,6.8,0,Moderate,47.6
1828,78,Male,25.9,Mild,44.4,6.2,1,Low,56.4
1829,42,Male,29.7,Mild,46.7,5.1,1,High,27.6
1830,52,Female,28.3,Mild,54.1,7.6,0,Moderate,32.5
1831,66,Female,24.7,Moderate,43.7,6.3,0,Moderate,46.5
1832,56,Female,18.1,Mild,64.0,5.4,1,Low,29.8
1833,38,Male,27.8,Moderate,54.4,6.1,1,High,32.2
1834,61,Male,22.7,Mild,41.9,5.0,3,Low,54.0
1835,64,Male,24.5,Mild,47.9,7.7,0,Low,53.7
1836,56,Male,29.5,Severe,26.2,9.7,2,Moderate,80.6
1837,58,Female,33.9,Severe,38.8,8.8,2,Moderate,80.1
1838,51,Male,27.0,Moderate,55.8,8.7,1,High,70.0
1839,77,Female,29.8,Mild,60.2,5.3,0,Moderate,60.1
1840,41,Female,20.4,Moderate,29.2,8.0,3,Moderate,51.3
1841,46,Female,28.4,Severe,33.3,6.4,2,Low,82.9
1842,55,Female,26.9,Severe,46.6,6.9,0,Moderate,54.6
1843,68,Male,33.0,Moderate,49.2,6.8,1,Moderate,66.5
1844,33,Female,24.7,Moderate,55.1,5.1,1,Low,33.6
1845,35,Male,26.1,Mild,41.5,8.3,0,Low,25.2
1846,24,Male,32.2,Mild,44.4,7.0,2,High,37.7
1847,55,Male,26.8,Mild,46.8,6.2,2,Low,40.3
1848,38,Male,22.0,Mild,38.3,4.3,1,Low,24.5
1849,49,Female,39.2,Mild,49.3,5.9,0,High,24.6
1850,65,Female,22.1,Moderate,50.2,7.7,0,Moderate,43.1
1851,45,Female,26.9,Moderate,26.2,9.1,1,Moderate,59.9
1852,58,Female,28.8,Moderate,58.8,7.2,0,Moderate,65.6
1853,51,Male,28.5,Moderate,40.6,7.2,0,Low,53.6
1854,65,Female,26.3,Mild,46.0,6.8,1,High,47.7
1855,62,Female,26.3,Moderate,35.1,6.6,1,Low,57.8
1856,45,Female,26.1,Severe,33.3,10.0,1,High,64.4
1857,52,Female,22.0,Mild,44.2,7.1,1,Low,62.2
1858,71,Male,37.3,Severe,29.1,8.2,1,Moderate,80.2
1859,61,Female,26.2,Mild,61.3,5.9,0,Moderate,46.1
1860,34,Male,30.0,Moderate,46.8,7.0,0,Low,40.2
1861,65,Male,25.6,Moderate,35.8,6.3,0,Moderate,53.7
1862,39,Male,25.5,Severe,32.8,5.1,3,Moderate,67.2
1863,76,Female,25.1,Severe,26.9,8.1,1,Low,83.0
1864,70,Male,19.9,Moderate,31.5,8.7,1,High,57.9
1865,59,Female,26.4,Moderate,42.8,7.4,2,Low,75.3
1866,57,Female,25.3,Severe,38.9,6.7,2,Moderate,69.1
1867,52,Male,32.7,Severe,27.7,7.6,0,Moderate,68.7
1868,65,Male,21.6,Mild,42.8,8.3,2,Moderate,62.2
1869,49,Female,24.5,Mild,69.6,5.8,1,Moderate,20.9
1870,59,Male,23.0,Severe,30.9,9.6,1,Moderate,46.3
1871,68,Female,34.0,Severe,34.0,6.6,0,Moderate,67.7
1872,47,Male,23.1,Severe,41.4,7.7,0,Moderate,70.3
1873,46,Male,29.8,Mild,56.9,6.6,2,Moderate,42.3
1874,37,Male,31.8,Moderate,55.5,6.8,0,Moderate,32.1
1875,39,Male,26.5,Severe,31.3,7.5,1,Low,71.3
1876,28,Male,20.7,Severe,32.4,7.1,0,Low,60.5
1877,66,Male,20.8,Moderate,27.2,7.1,1,Moderate,41.4
1878,82,Male,31.2,Mild,30.7,5.4,1,High,43.4
1879,76,Male,21.3,Severe,31.5,6.9,2,Low,88.8
1880,31,Female,29.0,Moderate,49.4,6.4,3,Moderate,51.2
1881,66,Male,27.7,Mild,52.1,5.1,2,Low,33.4
1882,76,Female,29.0,Mild,37.0,4.5,0,Moderate,61.6
1883,48,Male,29.4,Severe,46.0,9.1,0,Moderate,55.3
1884,57,Female,22.8,Mild,61.4,5.9,1,Moderate,42.0
1885,25,Female,22.6,Mild,52.0,6.1,0,Moderate,30.8
1886,59,Male,30.6,Moderate,40.9,5.1,1,Moderate,60.0
1887,39,Female,24.2,Severe,48.6,7.7,0,Low,61.8
1888,58,Female,17.0,Moderate,46.5,6.3,1,Moderate,34.9
1889,32,Male,30.2,Mild,57.5,5.2,1,Low,47.3
1890,63,Female,22.3,Mild,46.5,7.9,2,High,28.8
1891,70,Female,29.4,Mild,45.9,7.1,0,Moderate,53.2
1892,43,Female,33.7,Mild,43.4,8.2,1,Low,59.6
1893,38,Female,27.3,Severe,35.0,6.7,0,Low,52.0
1894,23,Female,31.9,Mild,52.9,6.9,3,Moderate,25.6
1895,51,Female,27.9,Mild,65.3,4.0,0,High,21.9
1896,46,Female,34.7,Severe,16.8,7.8,1,Low,84.2
1897,32,Female,22.2,Mild,54.7,4.5,0,Moderate,18.5
1898,62,Female,27.2,Mild,65.3,5.4,0,Moderate,34.6
1899,48,Male,30.4,Moderate,39.0,5.2,0,Moderate,45.4
1900,39,Male,26.3,Mild,34.3,4.9,1,Moderate,38.1
1901,47,Female,32.6,Mild,41.5,7.1,1,Low,36.7
1902,71,Female,25.2,Severe,25.0,9.5,1,Moderate,70.1
1903,64,Male,36.9,Severe,24.1,7.4,3,Low,81.8
1904,53,Male,37.2,Moderate,49.8,6.5,2,High,46.0
1905,64,Female,28.5,Moderate,52.2,6.4,1,Low,76.2
1906,38,Female,29.8,Mild,59.9,6.4,1,Moderate,28.3
1907,55,Female,32.8,Moderate,57.1,9.1,2,Moderate,51.9
1908,57,Male,21.6,Moderate,42.2,6.5,2,Moderate,45.1
1909,48,Male,21.0,Mild,41.9,4.6,1,Low,38.9
1910,62,Male,33.1,Mild,45.0,7.6,1,Moderate,35.2
1911,43,Female,28.5,Moderate,36.7,8.6,3,Low,59.4
1912,63,Female,26.1,Mild,50.2,7.6,2,Moderate,38.0
1913,63,Female,27.3,Mild,52.6,4.3,0,High,31.8
1914,18,Female,17.0,Mild,41.6,5.1,1,Moderate,15.0
1915,73,Female,26.3,Moderate,31.8,7.2,2,Moderate,65.3
1916,18,Male,23.7,Mild,59.5,3.0,2,Moderate,35.7
1917,46,Female,31.5,Moderate,32.1,7.1,3,Moderate,58.3
1918,70,Male,31.9,Mild,54.0,5.1,0,High,24.7
1919,50,Female,29.9,Moderate,48.9,4.9,1,Moderate,67.6
1920,33,Female,29.1,Mild,58.7,3.6,0,High,20.3
1921,39,Male,20.2,Mild,50.6,6.6,0,High,20.4
1922,70,Male,30.0,Moderate,68.8,7.1,0,Moderate,59.5
1923,26,Female,30.2,Moderate,36.2,6.6,1,Moderate,46.4
1924,72,Male,33.1,Mild,45.3,5.6,0,Moderate,45.2
1925,54,Female,37.2,Moderate,40.4,9.2,2,Moderate,50.5
1926,37,Female,19.2,Moderate,40.7,5.8,1,Low,43.1
1927,46,Female,25.4,Mild,42.5,7.6,1,Low,61.0
1928,40,Female,23.7,Moderate,35.4,7.2,1,Low,43.7
1929,68,Male,28.0,Mild,35.9,7.1,1,Moderate,42.7
1930,66,Female,27.3,Severe,28.2,7.9,2,Moderate,90.0
1931,29,Male,26.1,Moderate,46.8,4.7,2,Low,62.2
1932,49,Male,32.0,Severe,41.4,7.2,0,Moderate,68.7
1933,42,Female,22.0,Moderate,37.1,9.1,1,Moderate,44.2
1934,74,Female,22.3,Moderate,32.2,4.5,2,High,54.9
1935,35,Female,22.4,Mild,41.7,6.9,2,Low,39.3
1936,79,Male,25.5,Moderate,29.6,7.4,2,Low,78.1
1937,55,Male,21.4,Mild,42.0,4.3,2,Moderate,58.4
1938,38,Male,27.0,Mild,62.5,6.4,1,Moderate,31.9
1939,45,Female,26.4,Mild,59.1,6.8,1,Low,34.8
1940,43,Female,23.5,Moderate,49.8,8.5,0,Low,47.3
1941,36,Male,31.3,Severe,29.9,8.5,1,Moderate,74.6
1942,56,Female,26.9,Severe,29.5,7.0,4,Moderate,85.6
1943,37,Male,32.2,Mild,38.7,5.6,3,Low,50.1
1944,22,Female,26.3,Severe,28.8,7.1,0,Moderate,40.1
1945,49,Female,27.1,Severe,44.3,6.3,0,Low,77.6
1946,28,Female,24.6,Severe,46.5,7.4,0,Moderate,48.4
1947,44,Female,27.2,Moderate,54.4,5.9,1,Moderate,56.8
1948,41,Male,30.5,Mild,31.5,5.0,2,Low,38.6
1949,42,Female,25.3,Severe,23.3,8.0,4,Low,79.1
1950,85,Male,29.6,Moderate,33.5,4.0,1,High,65.4
1951,56,Male,23.4,Moderate,40.8,6.8,0,High,30.0
1952,59,Male,30.8,Mild,51.3,6.9,1,Low,32.2
1953,28,Male,24.5,Mild,63.8,7.0,1,Moderate,42.8
1954,45,Male,31.2,Mild,46.3,6.0,1,Low,53.7
1955,58,Male,27.5,Moderate,38.4,7.4,0,High,53.7
1956,40,Female,34.3,Mild,44.5,4.6,1,High,21.2
1957,69,Female,21.8,Severe,37.2,6.8,1,Moderate,75.6
1958,37,Male,20.3,Mild,56.2,5.2,0,Moderate,24.5
1959,51,Female,24.3,Mild,66.0,7.6,0,Moderate,24.7
1960,46,Female,20.7,Mild,30.9,7.5,3,Low,52.7
1961,57,Male,20.7,Mild,40.7,6.2,1,Moderate,24.2
1962,45,Female,30.1,Mild,67.3,4.3,0,Low,16.0
1963,51,Male,27.2,Moderate,38.1,7.8,1,Moderate,59.4
1964,51,Male,24.9,Severe,31.9,6.7,1,Moderate,72.5
1965,44,Female,25.4,Mild,53.1,5.9,1,Low,43.2
1966,62,Male,24.4,Mild,42.3,7.2,1,Moderate,47.9
1967,59,Female,35.0,Moderate,49.9,8.8,2,Moderate,72.0
1968,54,Male,23.7,Mild,63.3,4.8,0,Moderate,47.3
1969,49,Male,21.0,Moderate,40.8,6.4,0,Moderate,59.4
1970,67,Female,30.9,Moderate,29.2,7.9,0,High,52.4
1971,51,Female,26.2,Severe,50.7,7.1,0,Low,71.0
1972,50,Female,36.8,Mild,53.8,5.7,0,Moderate,39.2
1973,57,Female,24.7,Severe,32.6,7.3,4,Moderate,71.4
1974,80,Female,31.2,Severe,21.9,7.6,4,Low,94.4
1975,35,Male,32.3,Mild,59.4,4.3,1,High,34.5
1976,67,Female,24.7,Moderate,61.9,5.2,0,Moderate,31.5
1977,27,Male,23.7,Mild,45.8,6.2,1,Moderate,42.2
1978,58,Female,30.7,Mild,50.3,5.3,0,Low,35.2
1979,79,Male,29.9,Severe,39.1,7.2,0,High,72.6
1980,62,Female,20.6,Mild,52.5,6.8,0,High,29.8
1981,58,Female,21.9,Mild,38.4,4.9,2,Low,48.9
1982,47,Male,17.0,Mild,61.7,4.8,1,Moderate,62.2
1983,55,Female,30.0,Moderate,46.1,4.8,2,Low,62.4
1984,51,Male,26.0,Severe,47.0,8.0,1,Moderate,65.7
1985,43,Female,26.4,Moderate,39.8,5.6,3,Moderate,61.8
1986,51,Male,19.3,Moderate,33.6,7.1,3,Low,61.2
1987,58,Male,22.0,Mild,40.7,6.1,1,Moderate,40.6
1988,43,Male,25.0,Moderate,25.9,6.5,0,High,31.7
1989,43,Female,24.0,Mild,56.2,10.0,1,Moderate,41.6
1990,35,Female,27.8,Mild,66.9,6.2,0,Low,19.9
1991,61,Female,29.9,Moderate,28.8,6.9,4,High,63.9
1992,63,Female,37.9,Severe,30.2,7.0,1,Low,76.2
1993,58,Female,27.1,Moderate,35.6,8.2,0,Moderate,48.6
1994,69,Male,32.4,Moderate,34.7,5.8,1,Moderate,42.0
1995,56,Female,23.3,Mild,36.1,7.1,1,Low,20.0
1996,61,Male,19.3,Mild,58.4,5.0,0,Low,35.8
1997,60,Female,25.5,Moderate,54.9,7.4,0,Low,40.2
1998,54,Female,19.7,Moderate,37.6,7.7,1,Low,78.3
1999,47,Female,27.3,Moderate,54.9,7.6,1,Moderate,49.0
2000,85,Female,23.5,Moderate,45.3,8.7,1,High,70.1
2001,48,Female,18.0,Mild,52.0,7.5,1,Low,42.8
2002,45,Female,35.4,Mild,43.7,6.9,0,Moderate,23.0
2003,62,Female,24.7,Mild,39.3,7.1,1,Moderate,36.2
2004,59,Male,19.5,Moderate,36.3,8.1,1,Low,70.0
2005,34,Female,31.4,Severe,39.2,6.8,0,Moderate,67.5
2006,72,Female,23.8,Moderate,41.2,9.1,0,Low,73.8
2007,54,Female,32.3,Moderate,42.8,8.0,2,Moderate,56.4
2008,38,Female,23.8,Moderate,46.3,8.6,1,Moderate,56.0
2009,73,Male,24.7,Mild,39.7,6.7,3,Moderate,49.6
2010,64,Female,28.8,Mild,49.0,5.2,2,High,51.4
2011,36,Male,30.0,Mild,69.2,5.9,0,Low,42.0
2012,82,Female,30.8,Severe,29.7,7.7,3,High,71.7
2013,65,Female,26.8,Mild,39.9,5.3,2,Low,56.5
2014,55,Male,29.7,Moderate,29.2,6.2,1,Low,50.5
2015,79,Female,30.7,Mild,62.8,7.0,1,Low,65.6
2016,57,Male,28.1,Moderate,58.3,6.0,1,High,37.4
2017,55,Female,26.5,Mild,42.2,5.7,2,Moderate,46.3
2018,45,Male,20.4,Severe,26.5,7.3,0,High,67.4
2019,64,Female,30.0,Mild,33.4,5.6,1,Moderate,44.3
2020,62,Female,27.4,Severe,34.3,10.0,1,Moderate,82.6
2021,55,Male,25.3,Moderate,44.0,7.4,1,High,50.9
2022,43,Female,33.2,Moderate,21.8,7.4,1,High,69.4
2023,57,Female,20.5,Moderate,40.1,7.6,0,Moderate,37.3
2024,54,Male,34.9,Moderate,34.4,8.0,1,Moderate,58.2
2025,35,Male,27.1,Mild,55.4,5.1,2,High,13.8
2026,33,Male,28.7,Moderate,46.0,6.2,0,Low,44.3
2027,63,Male,25.3,Moderate,35.8,7.2,1,High,42.2
2028,18,Male,19.4,Moderate,56.1,6.8,0,High,16.1
2029,58,Male,26.5,Moderate,29.0,7.8,1,Moderate,42.7
2030,48,Male,28.8,Moderate,42.5,7.1,0,Low,48.2
2031,75,Female,30.4,Mild,30.1,4.0,1,Low,56.0
2032,48,Female,26.3,Mild,64.4,4.8,0,High,27.0
2033,65,Male,17.0,Mild,32.3,7.1,2,High,56.4
2034,49,Male,20.0,Moderate,42.0,5.8,0,Moderate,59.2
2035,57,Female,36.8,Mild,54.4,5.5,1,High,24.9
2036,66,Female,22.1,Mild,66.5,6.8,1,Moderate,31.8
2037,48,Female,33.9,Moderate,51.7,6.8,2,High,56.3
2038,70,Female,22.8,Mild,60.9,4.6,0,Low,41.7
2039,40,Male,26.3,Mild,47.4,4.4,0,Low,48.3
2040,59,Female,30.1,Severe,30.4,8.8,0,Moderate,66.9
2041,69,Male,23.3,Moderate,30.8,7.3,2,Moderate,75.0
2042,65,Male,34.7,Moderate,32.0,8.0,0,Moderate,60.8
2043,84,Male,27.6,Mild,47.4,5.5,2,Moderate,60.5
2044,44,Female,29.4,Moderate,26.5,8.4,2,Low,71.2
2045,34,Male,25.9,Severe,28.0,7.6,1,Moderate,64.9
2046,40,Male,30.3,Mild,46.1,5.5,0,Low,26.1
2047,65,Male,34.6,Mild,41.1,5.6,1,High,42.7
2048,62,Female,26.6,Mild,35.9,6.0,2,Low,61.3
2049,57,Female,35.3,Severe,24.9,6.8,1,Moderate,78.8
2050,38,Male,24.3,Mild,60.6,4.2,0,Moderate,8.0
2051,67,Female,30.8,Moderate,43.3,8.9,1,Moderate,62.0
2052,37,Female,29.5,Moderate,35.8,7.7,1,Low,63.9
2053,72,Male,22.2,Severe,34.5,7.1,1,Low,74.0
2054,85,Male,28.2,Mild,61.8,5.5,1,Moderate,61.6
2055,60,Female,27.2,Moderate,32.4,8.6,1,Low,56.1
2056,64,Female,23.2,Severe,22.8,6.1,1,Low,77.5
2057,48,Female,28.9,Mild,38.9,6.6,0,Moderate,35.9
2058,28,Male,27.9,Moderate,69.9,7.2,1,Low,34.9
2059,46,Male,26.9,Mild,50.8,4.1,2,Low,52.3
2060,39,Female,26.9,Mild,53.1,5.5,0,Moderate,36.9
2061,33,Female,26.8,Mild,48.8,5.0,0,Moderate,16.6
2062,81,Female,25.5,Mild,43.0,5.5,0,Moderate,41.6
2063,59,Female,27.9,Mild,47.8,6.7,1,Moderate,61.2
2064,61,Male,24.2,Severe,18.8,10.0,2,Moderate,86.5
2065,50,Female,39.7,Moderate,49.3,7.3,0,Moderate,38.1
2066,52,Female,20.6,Mild,63.0,4.7,0,Moderate,41.2
2067,69,Female,24.5,Moderate,20.6,9.0,2,Low,33.4
2068,55,Female,24.8,Severe,17.9,9.2,2,Moderate,82.2
2069,63,Male,36.8,Mild,67.6,6.4,1,Low,40.9
2070,52,Male,21.0,Mild,64.7,5.4,1,High,36.6
2071,50,Male,29.2,Mild,44.2,7.5,0,Moderate,37.4
2072,34,Female,28.4,Severe,32.4,7.7,0,Moderate,63.1
2073,25,Male,28.8,Severe,32.2,8.3,2,Moderate,73.6
2074,51,Female,33.0,Moderate,41.2,5.9,1,High,45.0
2075,56,Male,32.9,Mild,55.4,3.4,0,Moderate,29.2
2076,36,Male,25.1,Moderate,31.8,5.2,1,Moderate,55.9
2077,54,Female,28.1,Moderate,40.5,6.8,2,High,56.0
2078,56,Male,18.4,Mild,40.9,7.2,4,Moderate,49.3
2079,23,Female,27.7,Mild,67.6,3.3,0,Moderate,18.6
2080,41,Male,23.5,Mild,39.4,7.1,1,Low,32.8
2081,61,Female,26.3,Moderate,40.2,7.9,2,Low,65.9
2082,61,Female,19.3,Severe,34.3,7.6,0,High,68.4
2083,38,Female,29.1,Mild,46.7,6.6,2,Low,34.0
2084,57,Female,19.2,Severe,26.6,9.6,0,Low,85.8
2085,70,Female,27.9,Moderate,44.8,6.6,3,Low,76.2
2086,67,Female,21.4,Moderate,38.2,8.8,3,High,45.5
2087,54,Male,23.2,Severe,31.0,6.5,1,Moderate,74.0
2088,48,Female,32.6,Moderate,23.2,6.2,2,Moderate,53.5
2089,46,Female,30.0,Mild,44.5,6.6,3,High,39.1
2090,62,Male,32.6,Mild,51.1,6.8,1,Moderate,44.2
2091,58,Male,34.5,Severe,41.6,7.1,2,Moderate,83.6
2092,64,Female,23.6,Moderate,52.5,7.1,2,Moderate,69.0
2093,57,Female,34.2,Mild,51.0,5.8,1,Moderate,44.1
2094,67,Male,20.3,Moderate,33.3,7.5,2,Moderate,82.9
2095,56,Male,30.7,Mild,43.3,5.0,1,High,27.2
2096,67,Female,24.9,Mild,45.0,7.7,0,Low,59.1
2097,68,Male,22.8,Severe,35.2,7.7,1,Low,88.8
2098,43,Female,30.1,Mild,49.1,5.6,2,High,37.7
2099,28,Female,31.6,Mild,61.9,5.0,2,Moderate,37.8
2100,78,Male,31.5,Mild,40.0,5.3,2,Moderate,68.3
2101,59,Male,28.2,Severe,39.3,7.6,0,Low,69.0
2102,29,Male,27.8,Mild,56.2,5.6,1,High,19.6
2103,44,Female,29.7,Mild,32.7,5.9,2,Moderate,36.2
2104,67,Female,28.6,Mild,43.5,8.5,2,High,46.0
2105,51,Female,29.7,Mild,39.1,6.8,2,Moderate,36.8
2106,47,Female,28.2,Mild,41.6,6.4,2,High,30.0
2107,76,Female,31.2,Mild,52.3,6.5,2,Moderate,43.5
2108,39,Female,19.6,Mild,33.2,5.1,1,Moderate,24.9
2109,43,Male,26.6,Moderate,57.8,6.9,0,Moderate,38.2
2110,58,Male,20.7,Mild,33.6,6.6,0,Moderate,28.0
2111,61,Female,28.5,Mild,55.0,4.3,1,Moderate,41.5
2112,62,Female,34.9,Moderate,24.8,7.4,0,Low,56.0
2113,69,Male,25.0,Mild,47.2,5.7,1,Moderate,50.3
2114,58,Female,27.8,Mild,59.8,4.9,0,Moderate,54.2
2115,62,Male,30.8,Severe,36.5,6.8,0,Low,83.6
2116,51,Female,17.5,Moderate,56.4,7.1,3,Moderate,54.5
2117,56,Male,24.7,Moderate,38.2,5.3,2,Low,62.2
2118,57,Male,28.9,Moderate,45.3,8.4,0,Low,41.9
2119,58,Male,17.0,Severe,26.5,8.3,1,Moderate,76.2
2120,67,Male,22.6,Mild,45.2,7.0,0,Low,47.3
2121,63,Male,32.4,Mild,19.9,7.2,2,High,51.7
2122,56,Female,31.9,Severe,34.8,7.9,0,High,52.2
2123,43,Male,29.0,Mild,38.1,7.1,2,Moderate,33.8
2124,56,Male,31.3,Moderate,42.3,7.6,2,Moderate,73.7
2125,55,Male,28.2,Mild,58.7,4.6,3,Low,55.6
2126,58,Female,29.8,Mild,47.4,3.5,2,Moderate,33.3
2127,85,Female,25.7,Moderate,25.4,7.6,0,Low,55.1
2128,47,Male,27.7,Moderate,50.1,5.8,2,High,53.2
2129,61,Male,24.2,Moderate,45.0,7.1,1,High,48.1
2130,71,Female,33.1,Mild,35.1,6.7,0,Low,35.2
2131,56,Female,34.4,Mild,65.8,6.1,0,Moderate,31.6
2132,85,Female,33.7,Moderate,57.3,6.3,0,Moderate,56.0
2133,49,Female,25.3,Mild,47.4,5.6,0,Moderate,23.3
2134,60,Female,22.7,Moderate,36.0,6.7,1,Low,56.4
2135,43,Female,33.2,Moderate,58.2,7.4,0,Moderate,49.4
2136,50,Female,29.8,Mild,52.6,4.7,1,Low,45.0
2137,59,Male,28.7,Mild,67.3,5.4,1,High,48.4
2138,68,Female,24.2,Severe,25.9,9.0,0,Moderate,75.3
2139,60,Female,29.2,Mild,52.7,5.8,1,Moderate,47.9
2140,74,Female,22.1,Mild,40.0,9.3,0,High,23.0
2141,54,Female,30.2,Severe,39.5,5.1,0,Moderate,69.0
2142,50,Male,33.7,Mild,54.1,5.4,1,Moderate,33.2
2143,85,Male,34.9,Severe,19.7,9.5,1,Moderate,88.6
2144,61,Female,30.5,Mild,70.7,5.6,0,Moderate,40.6
2145,44,Female,20.7,Mild,64.3,4.6,1,Moderate,51.5
2146,45,Female,28.1,Moderate,45.6,8.7,0,High,31.2
2147,41,Female,37.3,Mild,48.5,6.5,1,Low,35.2
2148,69,Female,23.1,Severe,22.9,8.7,1,Moderate,80.4
2149,50,Female,26.9,Mild,35.6,7.1,2,Moderate,41.0
2150,57,Female,33.8,Moderate,48.5,5.8,0,Moderate,42.5
2151,54,Male,30.1,Severe,32.3,7.5,2,High,75.7
2152,66,Female,38.9,Moderate,32.4,8.8,1,Low,67.8
2153,42,Female,23.8,Mild,45.4,6.7,1,Low,46.1
2154,39,Female,22.5,Mild,55.4,7.2,1,Moderate,15.4
2155,58,Female,33.0,Mild,36.9,6.4,1,Moderate,39.7
2156,64,Female,21.6,Severe,25.0,8.9,4,High,81.7
2157,60,Female,26.3,Moderate,48.1,7.1,1,Moderate,59.9
2158,43,Female,26.9,Moderate,41.9,6.9,2,Low,69.3
2159,65,Female,32.1,Moderate,35.1,8.8,2,Low,71.5
2160,44,Male,30.1,Mild,33.9,5.1,2,Moderate,45.0
2161,47,Male,29.3,Mild,52.9,2.1,3,Moderate,39.5
2162,41,Female,25.3,Mild,50.1,5.3,2,Low,52.4
2163,75,Female,32.9,Moderate,47.3,4.7,3,Moderate,58.8
2164,65,Male,42.0,Mild,43.1,5.8,2,High,22.6
2165,64,Male,30.4,Mild,55.3,5.1,1,Moderate,56.0
2166,74,Female,27.7,Moderate,42.8,9.7,0,Moderate,55.3
2167,85,Female,21.1,Moderate,36.8,6.0,3,Low,62.3
2168,29,Female,24.2,Mild,50.8,3.3,1,High,21.0
2169,44,Male,26.2,Severe,27.9,7.4,1,Low,68.5
2170,46,Female,24.7,Moderate,51.3,7.9,0,Moderate,48.4
2171,42,Female,27.1,Mild,50.1,8.2,2,Low,49.1
2172,39,Female,35.6,Moderate,23.7,8.9,1,Low,57.1
2173,51,Female,33.1,Moderate,37.2,7.5,2,Low,79.7
2174,37,Female,26.5,Moderate,60.1,4.2,2,Low,41.6
2175,60,Male,21.5,Severe,23.0,6.0,1,High,42.2
2176,56,Female,33.5,Mild,44.2,7.4,1,Low,50.7
2177,62,Female,27.0,Moderate,37.2,8.6,1,High,50.4
2178,63,Female,19.1,Mild,54.6,7.3,2,Moderate,23.9
2179,64,Male,30.5,Mild,31.9,6.9,3,Low,68.6
2180,49,Female,32.0,Moderate,52.4,5.6,0,Moderate,29.7
2181,85,Female,17.0,Mild,41.2,6.9,1,Low,55.8
2182,59,Female,23.3,Mild,71.3,5.5,1,High,44.4
2183,27,Male,26.7,Moderate,48.4,7.4,1,Low,50.6
2184,40,Male,30.7,Mild,54.5,4.5,1,High,28.5
2185,29,Male,24.8,Mild,55.1,7.2,1,Low,28.8
2186,55,Male,23.3,Mild,53.2,6.0,1,Low,45.4
2187,53,Female,30.6,Mild,48.8,6.3,1,Low,50.6
2188,48,Female,25.0,Moderate,44.0,6.3,2,Moderate,49.7
2189,85,Female,29.7,Moderate,41.5,6.6,0,Moderate,47.3
2190,63,Male,22.0,Moderate,47.4,6.7,0,High,57.1
2191,66,Male,20.8,Severe,38.0,7.9,2,Moderate,90.9
2192,41,Female,30.7,Mild,49.3,8.3,3,Low,68.5
2193,40,Male,28.4,Mild,43.6,7.8,3,Moderate,18.8
2194,56,Female,31.5,Severe,31.8,8.9,3,Moderate,89.8
2195,58,Female,24.7,Moderate,45.3,8.3,1,High,42.9
2196,27,Female,23.5,Severe,44.3,8.4,1,Moderate,78.3
2197,52,Male,33.6,Moderate,40.3,5.5,1,Moderate,45.9
2198,55,Male,20.0,Moderate,45.0,7.6,0,Low,42.4
2199,52,Female,33.1,Mild,54.0,5.4,0,High,29.9
2200,43,Male,33.4,Mild,65.3,6.8,0,Low,31.7
2201,47,Male,31.2,Moderate,48.7,8.2,2,High,49.8
2202,52,Male,24.0,Moderate,34.2,8.8,2,Low,74.4
2203,56,Male,23.4,Severe,41.8,8.1,1,Moderate,82.4
2204,64,Female,26.2,Severe,29.2,8.9,0,High,53.8
2205,71,Male,21.1,Mild,52.5,3.8,2,High,61.0
2206,51,Male,22.7,Mild,55.2,5.8,1,Moderate,22.8
2207,48,Male,30.2,Severe,43.5,9.3,1,Moderate,64.2
2208,62,Female,30.3,Severe,43.1,8.8,1,High,90.2
2209,64,Male,22.3,Severe,30.9,6.8,1,Moderate,77.1
2210,48,Male,30.4,Moderate,30.3,7.1,0,Moderate,41.4
2211,67,Female,29.3,Severe,44.9,8.3,1,Low,83.1
2212,70,Male,34.3,Mild,36.7,7.8,2,Moderate,64.7
2213,74,Female,29.9,Mild,64.8,4.8,2,Moderate,53.3
2214,82,Female,32.2,Mild,42.7,8.3,2,Moderate,75.6
2215,42,Female,29.4,Moderate,56.8,5.6,0,Low,38.5
2216,55,Male,31.8,Severe,39.0,9.1,0,Moderate,62.1
2217,55,Male,21.2,Moderate,43.5,9.1,2,High,48.2
2218,54,Female,26.6,Moderate,60.9,5.4,2,Moderate,47.1
2219,45,Male,27.0,Mild,49.6,5.4,3,High,38.1
2220,33,Female,26.1,Moderate,17.6,7.4,0,Low,38.0
2221,56,Female,29.3,Mild,42.2,5.6,0,Moderate,37.7
2222,43,Male,30.2,Moderate,45.2,5.7,1,Moderate,58.7
2223,56,Male,29.0,Mild,68.4,5.7,1,Moderate,23.8
2224,43,Male,26.4,Mild,52.2,6.1,1,Moderate,26.9
2225,39,Male,23.7,Mild,24.7,8.1,1,Low,35.6
2226,59,Male,32.4,Moderate,35.6,6.0,3,Moderate,66.4
2227,57,Female,28.8,Moderate,34.9,7.9,4,Low,75.7
2228,64,Female,22.4,Severe,33.6,8.4,1,Moderate,83.2
2229,85,Female,26.3,Severe,41.5,9.0,1,High,84.4
2230,59,Male,19.0,Mild,43.3,6.1,1,Low,35.0
2231,62,Male,27.4,Mild,43.8,4.5,2,Moderate,55.3
2232,39,Male,26.3,Mild,52.9,6.6,0,Moderate,42.3
2233,36,Female,24.5,Mild,40.9,5.9,2,Moderate,50.3
2234,79,Female,34.6,Mild,53.2,6.3,1,Low,61.5
2235,41,Male,21.8,Severe,45.4,7.7,1,Moderate,65.8
2236,39,Male,30.5,Severe,45.9,7.5,1,Moderate,50.6
2237,54,Female,37.5,Mild,35.0,8.3,2,Moderate,48.3
2238,54,Female,32.3,Severe,50.6,8.0,1,Moderate,58.3
2239,41,Female,27.1,Severe,32.7,8.8,3,Moderate,84.4
2240,50,Female,21.9,Mild,50.3,7.5,3,High,37.4
2241,73,Female,20.8,Severe,32.7,9.1,1,Low,81.6
2242,43,Female,25.3,Severe,31.4,6.2,2,Low,69.4
2243,34,Male,24.0,Severe,41.0,7.0,1,Moderate,45.1
2244,69,Female,23.8,Severe,30.2,9.6,1,Moderate,82.8
2245,62,Female,25.7,Mild,51.1,7.2,1,Moderate,46.4
2246,46,Female,26.7,Mild,56.6,6.1,3,Low,60.6
2247,31,Male,29.5,Severe,26.6,8.4,1,Low,47.5
2248,44,Female,21.4,Mild,50.3,6.2,0,Moderate,43.8
2249,54,Female,24.0,Moderate,19.3,6.9,2,Low,66.9
2250,72,Female,26.4,Mild,49.4,5.9,3,Moderate,64.8
2251,39,Male,26.3,Moderate,33.0,7.2,4,Moderate,36.9
2252,54,Male,35.8,Mild,37.4,7.5,1,Low,56.9
2253,65,Female,28.3,Severe,34.9,8.3,0,Moderate,72.3
2254,19,Female,19.6,Moderate,51.6,3.7,1,High,31.0
2255,71,Female,29.2,Mild,28.9,5.8,4,High,53.0
2256,37,Male,29.8,Mild,48.1,6.1,1,Low,32.1
2257,60,Male,26.6,Moderate,40.2,6.7,2,Moderate,46.9
2258,59,Female,21.5,Moderate,43.5,5.3,0,High,30.8
2259,71,Female,35.5,Severe,26.3,9.8,1,Moderate,81.8
2260,63,Male,22.2,Moderate,26.1,6.0,1,Low,78.5
2261,19,Male,30.3,Moderate,39.6,6.3,4,Low,75.5
2262,43,Female,28.1,Severe,29.0,7.8,3,Moderate,80.1
2263,57,Female,30.0,Moderate,34.7,6.5,0,Moderate,48.0
2264,52,Female,35.2,Moderate,35.4,6.7,2,High,79.7
2265,62,Male,29.8,Moderate,43.6,7.8,1,High,61.6
2266,67,Male,24.6,Mild,53.3,6.7,1,Moderate,52.5
2267,64,Male,32.4,Moderate,47.0,6.3,1,Moderate,47.1
2268,52,Male,24.2,Moderate,42.6,7.6,0,Low,59.8
2269,27,Female,28.0,Mild,57.0,6.8,1,Low,21.7
2270,48,Female,21.1,Severe,48.2,7.2,1,Low,88.2
2271,61,Female,22.3,Mild,62.7,5.8,2,High,30.7
2272,39,Male,27.4,Moderate,47.9,5.1,0,Low,38.7
2273,64,Male,28.9,Severe,24.2,8.7,5,Moderate,85.1
2274,69,Female,19.2,Mild,55.0,5.4,3,Moderate,48.8
2275,57,Female,29.5,Mild,47.6,6.6,1,Low,52.3
2276,18,Male,23.3,Moderate,51.3,4.6,1,Moderate,39.4
2277,36,Male,33.2,Mild,28.2,7.1,1,Low,41.9
2278,83,Male,25.5,Mild,52.1,6.5,1,Moderate,58.3
2279,47,Female,21.9,Moderate,47.1,6.0,1,Moderate,35.2
2280,25,Male,27.6,Mild,56.9,6.8,2,High,34.6
2281,74,Male,22.9,Moderate,35.5,7.1,1,Moderate,64.8
2282,55,Male,33.2,Mild,47.3,6.8,1,High,30.3
2283,72,Male,27.2,Mild,45.0,4.3,1,Moderate,48.1
2284,59,Male,26.5,Mild,20.6,6.6,2,Low,54.2
2285,62,Male,30.0,Severe,27.8,6.6,1,Moderate,47.9
2286,60,Male,22.5,Moderate,24.9,6.5,3,High,77.8
2287,65,Female,21.1,Mild,46.1,6.9,1,Low,63.2
2288,85,Female,29.1,Moderate,20.4,8.7,3,Low,70.8
2289,70,Male,22.0,Moderate,45.6,7.5,0,High,42.0
2290,31,Male,22.0,Moderate,37.9,6.1,3,High,66.2
2291,62,Female,31.1,Mild,54.3,6.0,0,Low,53.2
2292,72,Female,29.7,Mild,51.1,8.4,1,Moderate,52.6
2293,73,Male,21.3,Moderate,53.5,6.4,0,Moderate,58.8
2294,49,Male,24.3,Moderate,32.4,5.6,0,Moderate,52.8
2295,72,Male,23.0,Severe,28.6,8.6,0,Moderate,64.0
2296,69,Female,35.5,Moderate,42.3,9.0,0,High,47.6
2297,85,Male,31.5,Moderate,14.4,8.7,1,Low,83.8
2298,44,Male,25.2,Moderate,46.0,6.6,1,Moderate,58.0
2299,47,Female,29.9,Moderate,36.9,7.1,4,Low,77.7
2300,50,Female,20.8,Moderate,36.7,7.9,2,Moderate,50.4
2301,48,Male,24.0,Mild,43.8,5.2,1,Moderate,46.1
2302,42,Female,27.7,Severe,37.0,8.2,0,Moderate,51.5
2303,18,Male,29.3,Mild,47.8,6.6,1,High,32.4
2304,48,Male,26.7,Moderate,36.6,6.9,1,Moderate,48.0
2305,61,Male,28.4,Moderate,40.0,5.7,0,Moderate,45.3
2306,48,Female,27.6,Severe,20.3,7.5,1,Low,76.2
2307,84,Male,26.4,Mild,38.1,7.0,1,High,49.6
2308,55,Female,25.8,Severe,26.2,7.4,0,Moderate,69.1
2309,74,Male,25.2,Mild,37.5,6.1,0,Moderate,26.8
2310,59,Female,28.3,Mild,65.8,6.2,1,Moderate,43.0
2311,67,Male,29.1,Severe,34.3,9.5,1,Moderate,84.5
2312,59,Male,28.1,Mild,47.9,5.5,2,Moderate,44.9
2313,76,Female,21.7,Moderate,29.4,7.5,1,Moderate,47.0
2314,56,Female,22.5,Mild,44.8,6.2,0,Low,37.6
2315,62,Male,29.1,Severe,40.7,8.5,2,High,62.5
2316,60,Female,34.1,Severe,34.7,8.3,0,High,43.1
2317,51,Female,27.9,Mild,40.9,7.7,3,Moderate,43.5
2318,61,Female,25.3,Severe,41.0,6.1,1,High,81.3
2319,85,Male,28.3,Mild,47.7,6.1,1,Moderate,51.5
2320,51,Male,21.9,Moderate,34.7,7.7,2,Moderate,57.7
2321,61,Female,33.4,Moderate,44.5,5.5,0,High,57.7
2322,74,Male,28.1,Severe,39.6,7.1,1,Moderate,82.8
2323,72,Female,24.1,Moderate,41.0,6.6,1,Moderate,45.6
2324,55,Female,26.4,Moderate,36.1,6.4,1,Moderate,75.8
2325,19,Female,24.7,Moderate,47.2,6.8,1,Moderate,39.9
2326,63,Female,33.4,Severe,33.2,9.2,1,Low,87.7
2327,22,Female,26.2,Mild,64.7,6.4,2,High,20.0
2328,77,Male,27.9,Mild,52.8,4.9,2,Low,33.4
2329,58,Female,29.9,Moderate,18.9,7.9,4,Moderate,75.0
2330,70,Male,23.7,Mild,42.2,7.3,1,Low,37.8
2331,41,Female,28.1,Mild,56.7,4.5,1,Moderate,43.8
2332,32,Female,28.5,Severe,32.1,8.1,2,Moderate,52.5
2333,59,Female,19.9,Moderate,35.6,6.0,2,Moderate,61.6
2334,54,Male,28.4,Mild,42.6,7.0,1,Moderate,47.3
2335,48,Male,27.0,Mild,43.4,5.7,3,Low,56.4
2336,56,Female,27.8,Mild,54.9,10.0,2,Low,44.7
2337,85,Female,27.4,Mild,55.1,3.5,1,Low,32.0
2338,68,Female,28.4,Mild,48.6,4.2,4,Moderate,41.9
2339,71,Male,33.5,Severe,22.1,8.2,3,High,78.0
2340,68,Female,21.7,Mild,49.9,7.5,1,Moderate,27.2
2341,77,Male,25.6,Severe,32.2,8.2,3,Moderate,85.3
2342,52,Female,30.3,Severe,39.2,5.7,0,Low,64.0
2343,24,Female,29.5,Mild,62.8,7.3,2,High,17.3
2344,52,Male,29.4,Severe,50.6,7.0,1,High,48.2
2345,67,Female,40.1,Mild,48.9,6.4,2,Moderate,40.1
2346,40,Female,30.1,Moderate,35.0,7.1,2,Low,61.6
2347,52,Male,32.5,Severe,26.1,7.7,1,Moderate,67.9
2348,45,Female,25.8,Moderate,49.1,4.7,0,High,39.5
2349,78,Female,22.5,Mild,53.8,7.5,1,Low,50.6
2350,66,Female,25.7,Mild,37.8,8.4,2,Moderate,48.7
2351,65,Female,30.5,Mild,36.0,6.1,5,High,68.4
2352,64,Male,29.1,Severe,25.9,8.2,0,Moderate,57.5
2353,54,Female,29.1,Mild,55.7,5.2,2,Moderate,52.3
2354,58,Male,26.2,Moderate,22.2,9.1,4,Moderate,78.1
2355,37,Male,25.4,Mild,43.4,5.1,2,High,27.9
2356,22,Male,26.4,Mild,60.4,3.8,0,Moderate,15.6
2357,57,Male,30.6,Mild,56.6,4.1,2,High,39.3
2358,60,Male,31.2,Mild,51.2,4.6,0,Moderate,39.3
2359,73,Male,22.5,Moderate,37.2,8.3,1,Moderate,46.7
2360,79,Female,30.8,Mild,52.1,5.8,3,High,61.2
2361,79,Female,24.1,Moderate,42.4,8.3,1,Moderate,79.8
2362,40,Male,29.4,Moderate,5.0,7.0,4,Low,73.2
2363,50,Female,26.3,Mild,54.6,4.6,1,Low,54.0
2364,62,Male,34.6,Moderate,32.7,6.0,2,High,68.0
2365,85,Female,25.2,Moderate,43.9,6.9,1,Moderate,72.2
2366,77,Male,28.0,Moderate,41.2,6.6,0,Low,57.1
2367,72,Female,30.1,Mild,44.2,4.3,2,High,42.5
2368,49,Male,23.1,Mild,60.5,4.6,1,High,22.6
2369,42,Female,26.9,Moderate,49.4,5.3,0,High,51.2
2370,67,Female,25.9,Severe,51.1,7.3,0,Moderate,61.1
2371,38,Male,24.8,Mild,64.0,5.1,1,High,44.1
2372,51,Male,25.1,Mild,45.6,5.0,1,High,32.4
2373,53,Male,32.4,Mild,39.1,5.3,1,Low,51.3
2374,79,Male,24.4,Moderate,36.8,5.7,0,High,39.9
2375,50,Female,29.9,Mild,53.6,6.1,2,Moderate,53.8
2376,18,Male,28.7,Severe,46.7,7.8,1,High,47.9
2377,63,Female,20.6,Mild,38.3,7.5,2,Moderate,39.2
2378,45,Male,29.6,Severe,41.5,8.8,1,Moderate,63.6
2379,56,Female,20.6,Mild,38.7,6.1,2,Low,36.6
2380,54,Female,30.2,Mild,66.6,5.8,0,Low,37.2
2381,51,Male,24.8,Mild,53.9,4.7,0,Low,34.5
2382,67,Male,27.2,Mild,37.7,5.9,3,Moderate,39.1
2383,32,Female,21.1,Severe,44.8,7.3,2,High,69.7
2384,47,Male,27.8,Moderate,40.2,6.8,3,Low,86.6
2385,65,Male,31.6,Mild,48.5,7.0,2,Low,38.5
2386,46,Female,23.4,Severe,29.5,7.9,1,Moderate,69.5
2387,31,Male,24.3,Mild,49.7,8.0,1,Low,52.4
2388,65,Female,29.3,Mild,57.7,7.5,2,Low,43.9
2389,72,Female,29.5,Mild,50.1,3.8,0,Low,51.9
2390,54,Male,17.0,Moderate,39.8,6.3,1,Moderate,57.7
2391,26,Female,36.7,Severe,32.2,8.4,1,Moderate,71.1
2392,66,Female,29.7,Mild,68.3,5.8,2,High,63.4
2393,30,Male,30.5,Moderate,41.4,7.5,3,Low,44.1
2394,60,Female,26.5,Mild,60.2,7.3,1,Low,47.9
2395,42,Male,18.5,Mild,36.7,7.2,3,Moderate,36.8
2396,38,Male,30.4,Moderate,48.3,5.2,0,High,38.7
2397,48,Female,24.5,Moderate,28.0,7.8,2,Moderate,59.7
2398,52,Female,29.8,Moderate,54.2,7.0,2,High,53.2
2399,45,Female,26.2,Mild,82.6,4.0,0,Moderate,16.2
2400,64,Male,28.3,Mild,67.9,7.2,0,High,21.9
2401,48,Female,23.6,Severe,42.5,8.4,3,Moderate,90.4
2402,70,Male,31.3,Moderate,33.8,6.3,2,Low,61.7
2403,59,Female,21.6,Mild,62.7,4.8,1,Low,56.5
2404,45,Male,37.8,Mild,59.3,7.2,2,Moderate,34.2
2405,42,Female,37.7,Moderate,48.9,7.2,1,High,51.4
2406,30,Female,34.9,Mild,43.5,5.1,0,Moderate,52.3
2407,59,Female,33.2,Moderate,67.4,8.6,0,Low,68.0
2408,50,Male,26.8,Moderate,44.7,7.4,1,Low,39.8
2409,19,Male,32.7,Mild,50.8,7.5,0,Moderate,21.2
2410,47,Female,26.7,Moderate,49.1,6.7,1,High,43.3
2411,41,Female,19.9,Moderate,21.2,6.3,0,Moderate,58.3
2412,79,Female,34.3,Moderate,47.6,7.6,0,Moderate,63.8
2413,29,Female,32.5,Severe,51.1,6.5,0,Moderate,58.5
2414,33,Male,27.1,Moderate,58.8,6.0,2,High,63.3
2415,72,Male,21.4,Mild,75.8,5.8,1,High,57.0
2416,75,Male,24.4,Mild,63.7,4.5,0,Low,52.8
2417,44,Female,18.6,Moderate,51.4,6.3,1,Moderate,40.9
2418,46,Female,31.6,Mild,52.3,5.7,1,High,11.4
2419,64,Male,19.7,Moderate,46.9,5.8,0,High,32.9
2420,20,Female,28.5,Mild,46.0,6.1,3,Moderate,21.7
2421,27,Male,23.2,Mild,62.7,4.5,2,Low,36.9
2422,51,Female,20.5,Mild,45.0,5.2,2,Moderate,48.8
2423,78,Female,28.3,Severe,37.2,8.0,1,Moderate,90.8
2424,48,Male,25.6,Moderate,49.0,6.8,1,Low,73.8
2425,57,Female,31.1,Moderate,70.5,7.0,0,High,35.7
2426,72,Male,21.2,Mild,37.7,7.4,2,Low,58.9
2427,85,Female,23.6,Severe,19.9,8.7,5,High,91.0
2428,46,Female,17.0,Severe,34.6,7.3,1,Moderate,50.3
2429,55,Female,17.0,Mild,57.0,3.7,0,Low,27.8
2430,82,Female,35.7,Severe,21.6,7.6,1,Moderate,81.2
2431,32,Female,37.0,Severe,38.3,8.8,2,Moderate,87.8
2432,70,Female,27.6,Mild,55.2,7.1,1,High,47.0
2433,40,Male,23.3,Mild,65.1,4.6,1,Moderate,18.4
2434,57,Male,25.8,Moderate,43.8,7.9,0,Low,51.4
2435,51,Female,31.3,Mild,61.4,5.6,2,High,41.7
2436,41,Female,24.8,Moderate,47.1,6.9,1,Moderate,46.0
2437,40,Female,28.3,Moderate,52.1,8.7,1,Low,49.6
2438,59,Male,27.1,Mild,37.0,4.3,2,High,47.5
2439,70,Male,24.5,Mild,50.8,4.2,0,Low,60.2
2440,53,Female,24.7,Moderate,33.8,7.2,1,Low,72.8
2441,56,Male,28.6,Mild,67.2,6.0,0,Moderate,27.3
2442,64,Female,22.6,Mild,46.8,4.1,1,Moderate,38.2
2443,40,Female,29.3,Mild,38.7,4.3,0,Moderate,26.8
2444,66,Female,25.0,Severe,12.3,10.0,4,High,89.2
2445,67,Male,27.8,Mild,44.3,4.9,1,Low,43.3
2446,85,Female,33.7,Mild,48.3,6.9,1,High,25.3
2447,49,Female,26.4,Severe,18.2,7.1,0,Low,75.9
2448,48,Female,31.5,Mild,57.7,3.5,0,Low,39.3
2449,67,Male,18.8,Moderate,33.3,6.5,1,Low,61.6
2450,67,Female,25.0,Mild,35.9,5.0,3,Low,78.1
2451,47,Female,27.3,Severe,20.9,6.6,0,Moderate,60.4
2452,49,Female,36.2,Mild,58.6,6.1,2,High,54.9
2453,63,Male,18.0,Mild,41.9,5.4,1,High,22.7
2454,43,Female,26.7,Mild,46.5,5.5,1,Moderate,36.9
2455,49,Male,34.0,Severe,37.4,7.8,0,Low,66.2
2456,56,Female,23.5,Severe,44.9,6.7,1,High,64.3
2457,70,Female,26.2,Mild,38.4,5.6,1,Moderate,52.0
2458,46,Male,28.8,Mild,34.0,6.3,2,Moderate,35.5
2459,27,Male,28.1,Mild,48.3,6.2,1,Moderate,21.8
2460,26,Female,34.6,Mild,61.5,3.4,1,Low,30.9
2461,36,Male,29.3,Mild,63.5,6.1,1,Moderate,73.7
2462,35,Female,33.4,Severe,37.0,7.5,1,High,63.9
2463,53,Female,25.5,Mild,56.0,5.8,0,Low,37.0
2464,37,Male,23.7,Severe,32.4,9.0,1,Moderate,72.0
2465,44,Male,26.1,Mild,52.8,6.2,2,High,16.3
2466,43,Female,21.8,Severe,18.4,7.7,3,Moderate,84.5
2467,48,Male,29.5,Mild,36.4,6.2,2,Moderate,50.7
2468,75,Female,25.4,Mild,54.2,5.7,0,Moderate,20.3
2469,65,Female,24.0,Moderate,41.9,4.8,0,High,72.3
2470,55,Male,29.5,Mild,56.6,5.3,1,Moderate,38.0
2471,48,Male,21.8,Severe,27.3,7.3,2,Moderate,61.7
2472,49,Male,30.8,Moderate,38.5,7.8,0,Low,57.3
2473,60,Male,25.0,Severe,37.9,8.2,2,High,62.0
2474,64,Male,32.6,Moderate,64.2,7.4,0,High,29.9
2475,41,Female,25.4,Mild,54.0,5.3,0,Moderate,24.3
2476,56,Male,30.2,Mild,37.2,6.4,1,High,32.9
2477,25,Male,28.0,Moderate,55.7,7.3,0,Moderate,22.1
2478,58,Male,30.7,Mild,56.9,4.6,0,High,22.6
2479,66,Female,27.7,Moderate,45.6,7.4,0,Low,48.8
2480,51,Female,19.4,Mild,40.2,6.6,2,Low,45.1
2481,82,Female,31.9,Moderate,48.0,5.1,1,High,70.1
2482,42,Female,26.8,Mild,52.9,8.3,2,Moderate,42.0
2483,58,Female,30.9,Mild,50.6,5.8,1,Moderate,40.5
2484,54,Male,30.4,Severe,47.3,8.5,2,Moderate,59.2
2485,53,Male,23.6,Severe,43.0,8.2,1,Moderate,71.0
2486,53,Female,22.9,Mild,57.3,4.8,0,Moderate,20.2
2487,57,Female,30.3,Mild,67.4,6.1,4,Moderate,36.1
2488,68,Male,25.8,Severe,28.0,6.8,2,Moderate,84.2
2489,76,Female,31.6,Mild,50.0,7.4,2,Low,46.4
2490,55,Male,26.4,Moderate,47.5,6.6,3,Low,72.3
2491,67,Female,32.0,Severe,30.3,9.9,2,Moderate,78.2
2492,44,Female,29.2,Mild,34.5,5.6,5,Moderate,45.5
2493,66,Female,28.6,Mild,32.8,6.4,2,Moderate,65.4
2494,44,Male,25.4,Mild,33.7,6.6,0,Moderate,24.2
2495,71,Female,28.3,Mild,76.5,5.4,0,Moderate,33.4
2496,85,Male,32.8,Moderate,31.4,8.5,1,Low,71.0
2497,53,Female,26.9,Mild,50.8,6.3,0,Moderate,33.7
2498,22,Female,29.7,Severe,26.4,8.2,0,Low,60.4
2499,47,Male,27.4,Moderate,16.7,9.2,5,Moderate,67.2
2500,73,Female,27.8,Mild,67.7,5.9,0,Low,33.3
2501,63,Female,35.3,Moderate,32.4,8.7,0,Moderate,59.8
2502,59,Female,32.8,Mild,60.2,4.5,0,Moderate,28.7
2503,70,Male,27.6,Mild,51.5,7.4,1,High,59.7
2504,62,Female,28.2,Moderate,40.7,6.4,2,Moderate,59.7
2505,73,Female,23.9,Mild,36.0,4.9,5,High,65.2
2506,69,Male,26.4,Mild,57.3,6.3,0,Moderate,37.2
2507,78,Male,28.7,Mild,51.1,6.0,1,Moderate,46.6
2508,60,Male,31.2,Mild,48.8,7.6,0,Low,53.7
2509,69,Male,30.7,Moderate,23.1,9.6,0,Low,72.8
2510,50,Male,22.0,Severe,32.3,5.6,0,Low,75.3
2511,46,Female,31.8,Moderate,29.2,7.3,0,Low,65.8
2512,81,Female,26.8,Severe,50.6,6.5,0,Moderate,58.4
2513,58,Male,22.6,Moderate,36.8,5.8,2,Moderate,66.2
2514,67,Male,33.5,Mild,51.4,4.0,1,Moderate,40.6
2515,57,Male,34.1,Severe,42.0,8.4,1,Low,73.1
2516,46,Male,28.4,Mild,53.7,4.1,0,Moderate,67.2
2517,55,Female,30.5,Mild,40.5,7.4,4,Low,46.7
2518,77,Female,30.8,Severe,53.9,5.9,2,Moderate,81.2
2519,63,Male,33.8,Moderate,33.2,9.4,0,Moderate,57.6
2520,29,Female,30.6,Severe,28.2,9.7,2,Low,74.8
2521,52,Male,21.0,Mild,45.0,6.9,0,Low,23.4
2522,82,Male,36.6,Severe,44.1,6.7,0,High,77.8
2523,52,Female,32.2,Mild,40.4,8.7,1,Moderate,30.3
2524,28,Male,24.8,Mild,42.9,8.2,1,Moderate,32.0
2525,83,Male,22.4,Severe,35.0,6.4,0,Low,81.7
2526,65,Male,29.6,Mild,46.3,5.9,0,Low,42.2
2527,54,Female,25.9,Moderate,38.0,8.7,1,Moderate,55.6
2528,49,Male,28.8,Severe,41.4,7.3,1,High,77.9
2529,71,Female,30.7,Severe,48.9,7.5,1,Low,84.4
2530,47,Male,24.5,Mild,49.0,9.3,1,Low,41.6
2531,72,Female,22.0,Mild,71.0,6.2,1,High,43.9
2532,63,Male,29.0,Severe,21.5,7.8,4,Moderate,85.9
2533,59,Male,24.7,Moderate,28.8,6.8,1,Low,70.0
2534,57,Male,27.9,Moderate,35.5,8.8,0,Moderate,48.1
2535,52,Male,20.9,Mild,29.3,6.6,2,Moderate,71.9
2536,71,Female,26.0,Mild,18.5,4.5,5,High,63.7
2537,42,Male,30.6,Severe,42.7,7.8,3,Low,94.4
2538,31,Female,30.0,Mild,50.7,6.5,1,Moderate,55.0
2539,64,Male,23.5,Moderate,42.7,7.1,0,Low,52.2
2540,64,Female,21.7,Mild,53.2,6.4,1,High,36.5
2541,62,Male,27.3,Mild,61.1,7.1,1,High,36.4
2542,61,Female,29.8,Moderate,38.1,8.6,1,High,64.2
2543,50,Male,29.1,Severe,36.5,7.4,2,High,72.1
2544,67,Male,24.8,Mild,55.3,5.8,2,Moderate,62.6
2545,54,Female,28.6,Mild,36.0,5.8,2,Low,30.3
2546,48,Female,34.3,Moderate,26.6,5.6,1,Low,58.7
2547,50,Male,28.2,Mild,54.8,2.9,0,Moderate,27.1
2548,85,Male,19.5,Mild,52.8,6.4,2,Moderate,49.0
2549,29,Female,28.2,Moderate,38.6,7.7,2,Low,37.1
2550,62,Female,36.8,Mild,42.6,6.7,1,Moderate,57.9
2551,30,Female,21.1,Moderate,29.5,6.9,2,Moderate,39.8
2552,53,Male,27.3,Mild,42.3,5.5,1,High,24.9
2553,48,Male,26.1,Moderate,47.1,6.6,1,Moderate,60.3
2554,24,Female,27.7,Severe,28.6,6.3,3,Moderate,82.3
2555,61,Male,28.1,Severe,34.7,8.4,0,Moderate,62.3
2556,49,Male,32.6,Moderate,35.7,6.6,1,High,38.7
2557,24,Male,27.6,Moderate,36.6,7.2,0,Moderate,30.5
2558,68,Female,33.2,Mild,56.4,5.7,0,Low,57.7
2559,77,Female,26.6,Moderate,36.2,8.1,2,Low,83.7
2560,77,Female,25.6,Mild,56.3,5.1,0,High,37.5
2561,60,Female,24.1,Moderate,46.9,6.0,1,Moderate,58.9
2562,56,Female,18.7,Mild,44.2,7.2,2,High,25.6
2563,75,Female,28.5,Mild,47.4,6.6,1,Moderate,53.5
2564,80,Female,36.9,Moderate,44.6,5.2,1,Moderate,77.0
2565,72,Male,29.4,Moderate,44.4,5.7,0,Moderate,57.1
2566,41,Female,30.4,Mild,57.3,7.0,1,High,30.4
2567,58,Male,25.3,Moderate,48.1,7.4,1,High,39.7
2568,62,Female,26.1,Moderate,55.7,5.5,1,Moderate,68.5
2569,28,Male,31.8,Severe,26.0,10.0,2,Low,61.6
2570,62,Female,36.6,Severe,21.7,8.2,4,Low,90.2
2571,85,Male,34.2,Mild,46.4,5.4,2,Moderate,66.5
2572,65,Male,31.0,Severe,34.3,9.3,4,High,90.2
2573,77,Female,27.4,Mild,37.9,6.0,1,High,55.4
2574,58,Male,28.2,Mild,58.4,5.8,2,Moderate,59.4
2575,54,Female,23.7,Mild,44.1,6.5,2,Low,46.3
2576,61,Male,20.4,Moderate,38.6,8.8,3,Moderate,86.6
2577,43,Female,21.9,Moderate,56.9,6.9,0,High,50.9
2578,41,Female,27.4,Moderate,51.5,6.7,0,Moderate,38.0
2579,74,Female,25.8,Severe,27.9,6.5,1,Low,80.4
2580,76,Male,20.3,Moderate,29.4,6.1,2,Moderate,77.0
2581,40,Female,27.0,Mild,37.6,6.3,2,Moderate,30.7
2582,70,Male,25.7,Moderate,44.9,5.1,1,Moderate,45.2
2583,54,Female,21.7,Severe,38.3,9.8,2,High,73.8
2584,60,Female,25.5,Moderate,42.7,7.4,1,High,25.9
2585,62,Female,25.7,Moderate,43.7,5.9,0,Low,64.3
2586,70,Male,24.3,Moderate,26.7,6.5,2,Low,76.9
2587,56,Male,31.6,Moderate,57.5,5.8,2,Moderate,57.9
2588,76,Female,18.3,Mild,12.7,5.8,3,Low,78.8
2589,60,Male,17.9,Severe,35.8,8.1,0,Moderate,78.0
2590,64,Female,27.2,Mild,43.0,6.2,2,Low,40.7
2591,43,Female,27.7,Mild,65.8,4.9,2,Low,44.9
2592,85,Male,29.1,Severe,34.6,7.0,2,High,77.0
2593,62,Female,24.7,Severe,13.4,8.5,4,Low,86.2
2594,66,Female,22.9,Moderate,34.0,7.1,3,High,77.4
2595,31,Male,27.2,Moderate,37.6,7.8,0,Low,54.7
2596,43,Female,25.1,Severe,20.7,7.0,2,Low,71.4
2597,74,Male,34.5,Mild,56.3,7.4,1,Low,60.3
2598,59,Male,25.7,Mild,36.6,6.7,1,Low,37.4
2599,26,Male,27.0,Moderate,35.6,7.6,1,Moderate,36.5
2600,71,Male,38.8,Mild,49.6,7.0,1,High,63.9
2601,47,Male,26.3,Moderate,40.2,6.0,0,High,70.5
2602,76,Female,29.8,Severe,27.0,7.5,0,Low,90.8
2603,54,Male,30.2,Mild,46.0,6.9,1,Low,49.5
2604,58,Female,30.6,Mild,49.3,4.4,1,Low,50.2
2605,73,Male,28.6,Mild,43.6,9.0,1,Moderate,59.7
2606,42,Female,28.1,Moderate,46.2,7.1,2,Low,62.2
2607,40,Male,27.7,Moderate,42.7,6.4,1,Low,36.1
2608,52,Male,24.5,Severe,23.3,8.8,1,High,83.5
2609,67,Female,28.7,Moderate,47.1,7.8,1,High,39.5
2610,35,Male,36.7,Severe,48.9,6.4,2,Moderate,83.3
2611,30,Female,32.9,Mild,43.2,4.9,1,Low,44.7
2612,67,Female,28.6,Mild,46.2,5.6,3,Moderate,72.8
2613,46,Male,31.2,Mild,34.3,6.1,3,Low,64.0
2614,49,Female,23.1,Severe,33.2,6.5,2,Moderate,68.4
2615,27,Female,26.0,Mild,50.3,5.4,1,Moderate,37.8
2616,45,Female,31.7,Mild,37.6,6.3,2,Low,43.3
2617,55,Female,34.2,Mild,50.4,6.8,1,High,25.3
2618,69,Male,23.6,Mild,67.6,4.9,0,Moderate,20.0
2619,43,Male,24.9,Moderate,42.8,7.8,2,Moderate,53.7
2620,80,Male,37.5,Severe,35.4,8.5,0,Low,70.8
2621,45,Female,27.7,Mild,41.6,4.2,1,Moderate,51.6
2622,45,Male,35.8,Moderate,29.0,7.6,1,Low,45.2
2623,78,Male,28.2,Mild,60.6,6.3,1,Moderate,44.2
2624,58,Male,28.4,Mild,51.4,4.1,0,Low,34.2
2625,47,Female,25.8,Mild,27.7,7.0,3,Moderate,48.3
2626,53,Female,31.6,Moderate,42.3,6.9,1,Moderate,45.9
2627,75,Male,33.6,Moderate,42.8,7.5,1,Moderate,78.0
2628,77,Male,22.3,Moderate,40.0,8.2,3,Moderate,76.7
2629,43,Female,25.5,Moderate,58.4,7.1,0,Moderate,41.7
2630,54,Male,31.5,Mild,51.9,7.4,2,Moderate,36.5
2631,56,Female,26.6,Moderate,43.6,8.1,2,Moderate,67.6
2632,40,Female,24.9,Moderate,39.0,6.5,2,Moderate,70.4
2633,54,Male,31.9,Mild,68.4,7.4,1,Low,75.4
2634,55,Male,32.4,Mild,57.7,5.6,0,Moderate,27.9
2635,72,Female,25.1,Mild,36.3,6.2,0,Low,44.9
2636,73,Male,28.2,Mild,65.6,3.7,1,Moderate,24.7
2637,50,Male,21.5,Mild,51.9,6.0,1,Moderate,46.1
2638,52,Female,23.0,Mild,54.5,3.8,0,Low,24.0
2639,65,Male,27.8,Severe,26.8,7.2,0,Moderate,74.6
2640,46,Male,27.3,Severe,55.3,4.4,1,Moderate,76.4
2641,64,Male,22.7,Moderate,57.7,6.0,0,Moderate,47.4
2642,54,Male,23.8,Moderate,32.1,7.7,2,High,41.6
2643,40,Male,22.2,Severe,36.8,8.0,0,Low,80.1
2644,41,Female,29.3,Mild,62.0,6.5,3,Low,58.1
2645,77,Female,18.0,Moderate,25.3,8.6,0,Low,55.3
2646,53,Male,22.4,Moderate,39.3,7.8,1,Moderate,56.9
2647,80,Male,18.4,Severe,16.0,9.4,1,Low,76.8
2648,47,Female,29.2,Moderate,38.7,7.7,0,High,56.7
2649,59,Female,18.7,Mild,54.3,5.5,0,Low,40.0
2650,85,Male,27.3,Moderate,31.3,7.1,0,Moderate,77.2
2651,39,Female,34.9,Mild,65.9,4.1,1,Moderate,26.9
2652,27,Female,35.1,Mild,28.0,7.1,1,Low,40.4
2653,74,Male,18.7,Moderate,23.7,8.1,3,Moderate,74.6
2654,43,Male,28.6,Severe,32.4,8.4,1,Moderate,71.7
2655,55,Male,22.6,Mild,57.5,6.9,2,Moderate,37.1
2656,46,Male,21.6,Mild,46.1,6.3,1,Moderate,14.3
2657,59,Female,26.7,Moderate,37.3,5.5,1,Moderate,65.9
2658,41,Male,33.0,Mild,70.2,5.7,0,Moderate,28.0
2659,52,Female,30.0,Severe,37.4,7.7,2,Moderate,66.6
2660,62,Female,23.8,Moderate,26.2,8.1,4,Moderate,68.8
2661,40,Male,30.5,Moderate,48.8,5.9,0,Moderate,32.6
2662,44,Male,17.0,Mild,45.6,4.3,2,Low,25.4
2663,50,Male,23.7,Severe,40.9,7.0,0,Moderate,75.1
2664,34,Female,23.3,Severe,42.1,8.0,0,Low,69.6
2665,49,Male,27.6,Mild,56.3,5.8,0,High,15.2
2666,57,Male,26.2,Moderate,32.6,7.2,2,Low,87.9
2667,49,Male,26.5,Moderate,55.9,7.8,0,Moderate,33.4
2668,51,Male,26.4,Mild,54.4,6.7,1,Low,50.0
2669,55,Female,27.3,Moderate,36.3,8.1,2,Low,68.0
2670,45,Male,29.7,Severe,42.0,7.6,1,Low,61.7
2671,65,Male,27.9,Moderate,31.1,6.2,0,Moderate,59.8
2672,77,Male,25.9,Severe,20.9,7.7,1,Low,81.9
2673,48,Male,29.1,Mild,47.1,4.7,1,Low,34.4
2674,62,Male,31.1,Severe,38.4,7.9,0,Low,86.6
2675,51,Female,24.6,Severe,39.1,7.8,1,Moderate,77.6
2676,60,Female,26.9,Mild,50.4,3.9,2,High,45.8
2677,78,Male,32.7,Mild,35.5,6.8,1,Moderate,49.1
2678,63,Male,22.0,Moderate,63.4,7.2,0,Moderate,53.9
2679,28,Male,35.7,Severe,32.0,9.3,0,Moderate,59.8
2680,62,Female,20.9,Mild,57.0,6.5,1,Moderate,47.8
2681,73,Female,25.6,Mild,71.7,5.6,2,High,31.9
2682,52,Male,22.7,Severe,32.6,8.3,0,Low,45.7
2683,70,Male,37.5,Mild,55.2,6.6,0,High,50.8
2684,45,Female,24.8,Moderate,40.7,9.0,1,Moderate,50.5
2685,33,Male,24.8,Moderate,45.6,6.3,1,Moderate,51.6
2686,57,Female,25.5,Severe,29.7,8.5,1,High,60.2
2687,29,Female,27.6,Mild,56.1,4.8,1,Moderate,25.2
2688,51,Female,25.7,Severe,21.2,8.0,3,High,86.5
2689,74,Female,26.6,Moderate,19.2,6.9,2,High,68.8
2690,26,Female,17.0,Severe,35.6,10.0,2,Low,87.6
2691,36,Male,27.5,Mild,52.4,7.9,2,Moderate,43.7
2692,40,Male,27.3,Moderate,23.8,6.7,1,High,37.5
2693,54,Male,32.1,Severe,33.0,7.1,1,Low,80.3
2694,50,Female,33.4,Moderate,31.8,7.7,1,Moderate,74.1
2695,76,Female,26.3,Mild,58.9,7.5,0,Low,50.2
2696,69,Female,31.0,Moderate,46.5,5.9,0,Low,71.6
2697,62,Male,22.0,Mild,65.1,5.3,0,Moderate,47.7
2698,57,Female,30.8,Mild,62.5,2.8,0,Moderate,14.0
2699,61,Male,24.5,Moderate,45.5,5.3,3,Moderate,74.0
2700,42,Male,21.6,Severe,37.0,8.0,1,Moderate,80.1
2701,68,Male,26.3,Moderate,35.4,9.1,3,Low,68.1
2702,38,Female,33.8,Mild,61.1,6.3,1,Moderate,45.8
2703,68,Male,28.1,Mild,48.4,6.8,1,Low,50.0
2704,73,Female,34.2,Mild,62.7,5.6,2,Low,41.2
2705,58,Female,23.7,Mild,39.6,6.5,0,Low,46.1
2706,52,Male,32.1,Severe,38.6,5.9,4,Moderate,83.3
2707,61,Male,24.1,Mild,37.3,6.5,1,Low,45.5
2708,18,Male,28.3,Mild,38.6,8.2,3,Low,49.8
2709,60,Female,28.2,Moderate,46.0,6.4,0,Moderate,38.3
2710,53,Male,30.3,Mild,54.2,6.4,1,Low,50.6
2711,54,Male,28.4,Mild,53.8,6.2,2,High,27.4
2712,66,Female,23.7,Moderate,64.4,6.6,0,Moderate,68.3
2713,54,Male,31.3,Mild,49.1,5.2,1,Low,58.5
2714,38,Female,35.3,Moderate,43.8,6.0,0,High,61.2
2715,53,Male,24.5,Moderate,30.1,7.2,0,Moderate,56.8
2716,56,Male,18.6,Moderate,39.5,6.9,2,High,53.2
2717,57,Male,29.5,Mild,56.5,5.5,0,Moderate,26.9
2718,57,Male,25.6,Mild,27.1,5.1,2,Moderate,35.8
2719,71,Female,26.6,Moderate,49.5,6.1,0,Moderate,55.7
2720,39,Male,29.8,Mild,40.2,6.6,0,Moderate,21.7
2721,58,Male,25.1,Mild,49.9,5.4,2,Moderate,46.6
2722,74,Female,25.9,Mild,35.4,6.9,2,Low,49.0
2723,29,Female,26.7,Mild,61.9,7.8,0,Moderate,18.9
2724,58,Male,34.1,Mild,26.7,6.8,1,Low,45.4
2725,46,Male,27.3,Severe,25.7,8.4,4,Moderate,74.4
2726,49,Female,21.4,Mild,57.1,5.2,0,Moderate,26.6
2727,41,Male,21.6,Moderate,38.1,8.4,1,High,49.7
2728,52,Male,27.9,Mild,62.8,5.8,2,Low,35.3
2729,83,Female,21.9,Mild,63.0,5.3,0,Moderate,25.9
2730,36,Female,19.9,Moderate,47.9,6.2,0,Low,44.0
2731,37,Male,30.2,Moderate,39.5,8.7,1,Moderate,35.3
2732,35,Male,30.4,Severe,48.3,7.1,1,High,76.4
2733,81,Male,25.5,Mild,52.1,7.3,1,Moderate,39.7
2734,48,Female,28.6,Mild,67.0,4.9,2,Moderate,41.5
2735,55,Male,28.1,Moderate,50.8,6.8,1,Moderate,59.8
2736,49,Male,30.0,Mild,47.0,4.9,1,Low,29.4
2737,41,Male,30.0,Mild,57.9,6.1,1,Moderate,24.8
2738,51,Female,17.0,Mild,54.1,6.6,4,Moderate,44.3
2739,85,Male,26.1,Mild,42.5,5.9,5,Low,80.8
2740,76,Female,29.6,Severe,46.4,7.4,0,Moderate,87.2
2741,42,Female,25.3,Severe,39.6,5.6,2,Moderate,85.3
2742,65,Male,27.4,Moderate,35.7,7.9,2,Low,80.9
2743,43,Male,30.7,Mild,45.4,4.8,1,Low,27.9
2744,28,Male,27.6,Moderate,70.5,6.4,1,Moderate,32.8
2745,70,Male,34.3,Moderate,39.0,8.2,1,Moderate,80.1
2746,72,Female,32.5,Severe,13.2,10.0,2,Moderate,91.5
2747,71,Female,26.6,Moderate,47.6,5.6,2,Moderate,72.8
2748,48,Female,26.3,Severe,39.5,8.7,0,Low,76.6
2749,52,Female,17.0,Mild,47.8,5.3,1,Low,36.7
2750,66,Male,25.7,Moderate,46.1,9.5,1,Low,81.1
2751,61,Male,20.8,Severe,38.8,8.7,1,Low,72.4
2752,49,Male,28.2,Severe,22.0,9.5,0,Low,54.8
2753,31,Female,27.9,Severe,23.2,7.1,1,Low,78.0
2754,57,Female,30.5,Mild,53.3,6.2,1,Moderate,32.8
2755,71,Female,33.8,Moderate,43.5,9.0,1,Moderate,53.0
2756,37,Male,27.1,Mild,30.0,7.3,3,Low,57.8
2757,65,Female,37.9,Moderate,33.4,7.8,2,Moderate,53.0
2758,60,Male,28.3,Mild,38.0,6.1,1,Low,53.1
2759,66,Male,21.0,Moderate,50.3,7.6,1,Moderate,55.0
2760,68,Male,24.6,Severe,22.4,8.0,1,High,83.7
2761,45,Female,25.4,Severe,17.9,7.6,1,Moderate,71.3
2762,31,Female,30.0,Moderate,49.6,6.9,2,Low,71.6
2763,47,Male,22.7,Mild,38.4,4.0,3,Moderate,32.6
2764,68,Male,25.8,Mild,37.5,6.1,1,Moderate,27.1
2765,47,Female,26.4,Mild,36.2,6.3,2,Low,41.3
2766,45,Male,25.1,Mild,67.1,3.6,0,High,27.9
2767,28,Female,31.0,Severe,46.5,8.0,1,Moderate,65.0
2768,81,Female,30.2,Moderate,57.9,6.2,2,Low,84.5
2769,67,Female,32.7,Mild,59.4,4.8,1,Moderate,51.0
2770,67,Female,25.6,Moderate,28.0,8.1,0,Moderate,42.0
2771,70,Female,32.9,Mild,34.8,6.2,2,Moderate,59.3
2772,64,Female,20.8,Mild,51.7,5.7,2,High,44.0
2773,51,Male,20.7,Mild,44.9,5.7,1,High,47.3
2774,53,Female,21.5,Mild,33.8,8.1,0,Low,29.2
2775,49,Male,27.2,Moderate,58.2,5.6,1,Low,49.3
2776,85,Male,32.9,Moderate,38.2,7.0,2,Low,81.1
2777,63,Female,24.4,Moderate,27.5,7.7,1,Moderate,75.5
2778,48,Female,25.0,Moderate,53.4,5.3,0,Moderate,44.0
2779,62,Male,26.2,Severe,15.7,8.2,2,Low,86.4
2780,40,Male,29.9,Moderate,48.0,5.6,1,High,46.9
2781,78,Male,25.0,Severe,16.2,8.2,2,Low,85.8
2782,45,Female,24.7,Severe,28.6,8.8,2,High,79.6
2783,63,Female,20.9,Severe,22.3,8.6,1,High,72.8
2784,71,Female,24.5,Mild,43.0,5.1,0,Low,36.2
2785,61,Male,32.7,Mild,51.9,7.1,0,Low,37.9
2786,56,Male,27.6,Moderate,47.8,7.2,0,Low,55.0
2787,55,Female,23.7,Severe,26.0,8.7,1,High,59.1
2788,54,Male,33.0,Severe,30.8,8.2,1,Moderate,72.7
2789,46,Female,24.4,Moderate,41.2,6.2,0,High,39.6
2790,48,Male,33.9,Severe,35.3,9.6,1,Moderate,76.3
2791,77,Female,33.8,Moderate,38.7,5.9,1,Moderate,57.0
2792,53,Male,27.5,Moderate,44.7,7.6,1,High,42.0
2793,43,Male,20.2,Mild,47.3,5.6,1,Moderate,30.9
2794,47,Male,38.0,Moderate,34.8,7.6,1,Moderate,51.0
2795,72,Female,29.0,Mild,67.4,5.9,0,Moderate,32.3
2796,65,Male,25.7,Mild,43.5,7.7,1,Low,59.5
2797,63,Male,31.7,Moderate,38.1,6.4,2,Low,83.5
2798,51,Female,30.5,Mild,55.9,5.8,2,Low,46.7
2799,64,Female,33.4,Severe,39.2,5.8,0,Moderate,67.5
2800,45,Male,24.1,Mild,56.0,6.2,1,Moderate,33.4
2801,51,Female,28.7,Moderate,40.6,7.4,0,Moderate,52.3
2802,70,Female,21.6,Mild,44.6,5.5,0,Low,51.5
2803,68,Female,30.3,Severe,21.9,6.5,1,Moderate,73.0
2804,40,Female,27.1,Moderate,37.9,6.6,0,High,31.6
2805,42,Female,28.5,Moderate,57.1,6.4,3,Moderate,83.2
2806,57,Male,26.5,Moderate,51.0,4.0,0,High,30.8
2807,81,Female,26.0,Moderate,34.7,7.8,1,Low,80.2
2808,26,Male,23.1,Moderate,43.9,8.0,1,Low,65.4
2809,59,Female,30.9,Moderate,40.9,6.3,1,Moderate,55.8
2810,34,Female,34.2,Moderate,43.3,6.9,3,Low,72.4
2811,45,Female,24.6,Mild,52.6,5.5,2,Moderate,21.2
2812,50,Male,29.8,Severe,34.5,7.8,2,Moderate,77.5
2813,49,Male,29.2,Mild,60.4,8.2,1,Low,56.5
2814,47,Female,27.2,Mild,58.0,6.1,1,High,28.7
2815,55,Female,20.0,Mild,48.6,7.3,1,Low,42.0
2816,47,Female,21.1,Mild,46.2,5.5,2,Moderate,58.6
2817,33,Female,23.5,Mild,63.8,5.8,1,Moderate,35.7
2818,67,Male,17.1,Severe,37.0,8.0,0,Moderate,78.6
2819,66,Female,33.8,Moderate,27.7,7.4,1,Low,63.9
2820,68,Male,28.9,Severe,23.5,8.6,3,High,57.6
2821,32,Male,27.1,Mild,45.9,3.5,1,High,26.2
2822,59,Female,17.0,Moderate,34.8,9.1,3,Moderate,66.9
2823,65,Male,18.6,Mild,59.8,8.2,0,Moderate,45.9
2824,40,Female,27.2,Moderate,47.9,7.5,2,Moderate,58.2
2825,55,Male,36.5,Mild,38.8,7.1,4,Moderate,62.7
2826,53,Female,23.9,Moderate,36.8,8.1,1,Moderate,56.0
2827,83,Male,31.3,Severe,29.8,9.9,1,Moderate,74.0
2828,84,Male,24.9,Mild,50.0,7.5,1,High,25.1
2829,30,Female,27.5,Mild,73.4,4.8,0,Moderate,16.7
2830,85,Male,32.9,Moderate,41.9,7.7,0,Low,59.6
2831,41,Female,25.6,Mild,46.3,3.3,1,High,26.8
2832,70,Female,24.0,Moderate,49.2,6.6,0,Low,44.2
2833,70,Male,33.9,Moderate,31.5,6.0,0,Low,61.9
2834,40,Female,27.4,Severe,52.0,4.9,0,High,76.6
2835,62,Male,32.3,Severe,25.9,8.2,2,Low,83.2
2836,53,Male,24.0,Mild,57.7,5.7,0,Low,37.4
2837,63,Male,33.8,Severe,56.4,6.3,0,Moderate,68.9
2838,58,Female,28.5,Moderate,46.5,6.1,1,High,54.8
2839,73,Female,29.2,Mild,41.9,6.7,0,Low,39.7
2840,56,Male,27.8,Moderate,53.3,6.9,0,Moderate,49.2
2841,52,Female,24.8,Moderate,41.6,8.0,1,Low,54.5
2842,71,Male,27.2,Severe,40.5,6.3,0,Moderate,54.3
2843,64,Female,25.1,Moderate,55.6,7.7,3,Moderate,79.2
2844,66,Female,31.7,Severe,31.2,8.7,4,Low,85.1
2845,45,Male,26.2,Moderate,38.2,5.7,2,High,70.7
2846,39,Male,20.2,Moderate,45.6,7.4,0,Moderate,34.2
2847,46,Male,19.3,Mild,34.7,4.9,1,High,17.8
2848,46,Male,19.1,Severe,36.0,9.8,1,High,83.0
2849,67,Female,30.1,Moderate,40.4,6.1,1,High,38.8
2850,70,Female,21.8,Severe,37.2,8.5,3,Moderate,64.5
2851,53,Female,28.6,Severe,31.1,7.6,0,Low,56.6
2852,76,Male,27.8,Mild,58.8,5.7,0,High,32.6
2853,76,Female,26.9,Mild,39.4,5.8,0,Moderate,25.2
2854,59,Male,29.3,Severe,38.8,7.7,1,Low,74.5
2855,43,Female,27.9,Severe,55.1,6.0,0,Moderate,36.3
2856,79,Male,17.0,Moderate,37.8,7.5,1,Low,80.0
2857,54,Male,25.7,Moderate,43.5,6.6,0,Moderate,52.6
2858,57,Male,29.2,Mild,41.8,7.7,1,Moderate,27.4
2859,50,Female,34.9,Moderate,32.3,5.7,2,Moderate,34.0
2860,42,Male,35.1,Mild,40.3,4.7,2,Low,37.9
2861,33,Female,20.8,Severe,28.9,6.8,1,Low,73.2
2862,64,Female,25.6,Moderate,48.8,6.0,2,High,68.6
2863,43,Female,19.8,Mild,62.0,6.0,1,Moderate,29.8
2864,85,Female,34.3,Moderate,45.1,6.7,2,Moderate,71.1
2865,39,Male,32.0,Severe,30.7,7.5,0,Moderate,57.4
2866,36,Female,28.8,Moderate,48.8,7.4,1,High,47.3
2867,63,Female,28.0,Mild,44.0,4.5,0,Moderate,44.9
2868,78,Male,33.7,Moderate,43.5,6.7,0,Moderate,61.1
2869,56,Male,32.9,Mild,42.7,8.3,1,Low,46.0
2870,64,Male,32.6,Mild,39.8,7.2,2,High,53.9
2871,27,Male,29.3,Moderate,65.1,6.3,1,Moderate,60.7
2872,45,Female,25.6,Mild,72.0,4.3,0,Moderate,23.6
2873,39,Male,30.8,Moderate,37.3,5.5,1,Low,56.5
2874,27,Female,31.0,Moderate,39.7,7.7,2,Moderate,45.4
2875,57,Female,26.3,Moderate,37.1,6.9,2,Moderate,64.8
2876,21,Female,25.5,Moderate,52.3,6.5,2,Moderate,36.3
2877,35,Male,32.5,Moderate,40.6,6.5,1,Moderate,64.1
2878,47,Female,35.0,Mild,28.5,4.8,0,Moderate,44.5
2879,43,Male,23.7,Mild,62.7,5.4,0,Moderate,44.8
2880,61,Female,26.0,Moderate,41.6,7.3,3,High,58.2
2881,60,Female,28.8,Severe,16.7,9.7,1,Low,90.8
2882,68,Female,29.5,Mild,49.3,6.4,0,Moderate,43.3
2883,66,Female,24.7,Mild,56.0,6.5,1,Low,46.9
2884,72,Female,36.1,Severe,20.9,8.7,2,Low,92.8
2885,55,Male,29.2,Mild,52.4,4.5,4,High,35.5
2886,60,Male,29.7,Severe,32.9,10.0,0,Low,76.7
2887,63,Female,35.5,Severe,25.2,7.3,0,High,70.2
2888,57,Male,25.1,Mild,41.0,5.2,1,Low,52.3
2889,49,Female,26.8,Mild,60.7,5.2,1,Moderate,30.4
2890,50,Female,21.3,Severe,29.9,8.3,1,Low,70.9
2891,43,Female,26.4,Mild,47.1,4.8,1,Moderate,27.7
2892,61,Female,20.2,Moderate,30.3,7.6,1,High,49.0
2893,54,Female,30.7,Mild,53.7,5.3,0,Moderate,32.6
2894,45,Male,29.2,Moderate,45.8,5.5,0,Moderate,62.5
2895,45,Female,25.9,Severe,53.7,8.1,2,Moderate,47.5
2896,37,Male,26.7,Moderate,37.2,7.3,1,Moderate,58.5
2897,70,Female,30.8,Mild,42.0,7.2,0,Low,43.7
2898,56,Male,21.9,Moderate,30.5,9.0,1,Moderate,55.4
2899,42,Male,28.2,Moderate,35.3,9.4,1,Moderate,39.8
2900,67,Female,30.5,Mild,46.8,6.1,2,Moderate,53.5
2901,47,Female,18.8,Moderate,35.3,6.7,2,Low,58.4
2902,34,Male,30.4,Moderate,48.4,5.2,1,Moderate,46.2
2903,70,Male,19.3,Mild,46.3,7.2,0,High,38.7
2904,47,Male,26.6,Severe,27.0,7.5,1,Moderate,74.6
2905,49,Female,21.7,Mild,41.6,7.3,3,Moderate,66.0
2906,56,Male,33.9,Mild,60.0,4.9,0,High,24.4
2907,72,Female,21.8,Mild,33.7,5.4,1,Low,61.1
2908,55,Female,19.4,Mild,44.5,4.5,4,Moderate,63.2
2909,37,Male,27.8,Mild,39.1,6.4,0,Moderate,29.7
2910,63,Female,25.3,Mild,54.7,6.9,2,Moderate,65.1
2911,48,Male,20.1,Severe,32.6,8.9,0,High,54.3
2912,83,Male,29.7,Moderate,22.5,7.5,1,Moderate,72.1
2913,55,Female,17.8,Mild,45.1,7.7,1,Low,49.1
2914,21,Male,22.3,Moderate,48.1,7.2,1,Moderate,28.0
2915,60,Female,24.5,Severe,15.4,9.2,2,Low,89.5
2916,84,Female,31.0,Moderate,33.7,7.0,4,High,76.5
2917,79,Female,33.3,Severe,18.6,7.0,0,Low,85.4
2918,82,Male,32.4,Mild,60.7,5.8,1,Moderate,68.6
2919,40,Female,26.5,Mild,47.8,6.3,2,Moderate,38.5
2920,69,Female,17.0,Mild,33.4,8.1,0,Low,45.9
2921,44,Male,29.0,Mild,58.0,7.5,2,Low,47.6
2922,58,Male,34.1,Moderate,51.6,6.2,1,Moderate,46.3
2923,36,Male,33.0,Mild,50.3,4.7,1,Low,32.5
2924,45,Male,29.4,Moderate,39.4,6.5,1,High,43.1
2925,45,Female,21.6,Severe,45.7,9.0,1,High,62.4
2926,68,Male,24.7,Severe,36.2,6.2,1,Low,88.7
2927,67,Male,36.3,Moderate,46.0,8.5,0,High,64.7
2928,59,Male,20.5,Moderate,48.5,6.3,2,Low,61.9
2929,35,Male,21.8,Moderate,52.1,6.9,1,Low,49.3
2930,50,Female,31.6,Moderate,29.3,5.6,2,Low,80.8
2931,44,Female,25.2,Mild,61.4,5.0,0,High,11.6
2932,68,Male,21.6,Mild,61.3,7.1,1,Moderate,43.5
2933,73,Female,34.4,Mild,34.1,7.1,1,Low,43.0
2934,71,Female,29.4,Moderate,69.3,4.4,0,Moderate,79.6
2935,44,Female,25.4,Moderate,50.9,8.4,0,Moderate,52.8
2936,18,Male,21.8,Mild,64.1,6.1,0,Moderate,16.4
2937,28,Male,36.8,Mild,57.6,4.4,1,Moderate,31.6
2938,76,Male,27.1,Severe,30.5,7.7,2,High,72.3
2939,49,Male,33.8,Mild,51.1,6.5,1,Moderate,63.1
2940,44,Male,31.4,Mild,49.3,7.9,0,Low,17.1
2941,80,Male,24.8,Mild,42.5,7.7,0,High,40.8
2942,74,Female,24.8,Mild,41.3,5.1,0,Low,43.7
2943,55,Male,34.0,Moderate,35.1,6.4,0,Moderate,40.9
2944,51,Female,34.1,Mild,64.9,5.2,1,Moderate,34.3
2945,53,Female,18.4,Mild,50.8,5.2,0,Moderate,17.0
2946,58,Female,29.8,Severe,41.8,9.5,1,Low,89.2
2947,79,Male,26.6,Moderate,46.8,5.1,1,Moderate,62.4
2948,61,Male,22.3,Moderate,42.0,6.9,2,High,69.4
2949,66,Male,28.4,Moderate,55.5,8.0,2,High,54.9
2950,73,Male,20.9,Mild,45.4,6.2,2,Moderate,66.3
2951,37,Male,25.0,Mild,44.7,4.5,1,Low,35.7
2952,66,Female,23.4,Mild,34.4,5.5,2,Low,66.2
2953,51,Male,24.9,Mild,57.4,6.4,1,Moderate,42.1
2954,18,Male,26.9,Mild,53.6,7.2,3,Moderate,35.1
2955,23,Male,22.4,Moderate,49.1,4.0,1,Moderate,48.4
2956,40,Female,34.6,Mild,55.8,6.9,2,Low,86.4
2957,63,Female,29.5,Mild,46.9,6.2,0,Low,30.0
2958,57,Male,35.6,Moderate,43.9,5.8,0,Moderate,50.9
2959,58,Female,26.4,Moderate,46.8,6.3,2,Moderate,49.3
2960,84,Female,24.6,Moderate,30.1,7.1,1,Moderate,70.4
2961,36,Female,35.5,Mild,40.6,5.4,1,Low,44.0
2962,55,Female,24.5,Moderate,47.7,7.1,0,High,65.5
2963,60,Female,26.4,Severe,35.2,7.5,2,Moderate,75.5
2964,44,Male,30.6,Moderate,24.6,10.0,2,Moderate,72.8
2965,55,Male,21.4,Severe,22.3,8.6,2,Moderate,55.9
2966,31,Male,30.5,Mild,61.2,4.8,2,Moderate,34.0
2967,76,Female,29.9,Mild,37.8,6.5,1,Moderate,38.5
2968,45,Female,33.2,Mild,71.8,5.9,2,Moderate,45.8
2969,85,Female,31.4,Moderate,44.3,6.8,1,Moderate,78.8
2970,55,Female,33.3,Severe,39.6,9.3,2,Moderate,74.6
2971,70,Female,26.7,Mild,43.3,5.9,1,Low,57.0
2972,54,Male,23.1,Mild,56.5,6.6,3,High,35.4
2973,55,Male,37.1,Severe,35.7,6.0,2,Moderate,78.7
2974,46,Male,20.0,Mild,38.2,3.9,2,Low,50.7
2975,57,Female,20.5,Moderate,44.8,3.7,0,Moderate,35.9
2976,60,Female,29.9,Mild,47.9,5.9,1,Low,33.9
2977,43,Female,34.8,Severe,30.0,6.9,3,High,81.6
2978,53,Female,28.1,Mild,49.0,6.8,2,Moderate,35.0
2979,46,Female,31.9,Severe,36.1,8.8,1,Low,86.2
2980,85,Female,17.8,Moderate,34.9,7.6,0,Low,49.8
2981,54,Male,24.9,Severe,18.1,7.3,1,Low,84.2
2982,78,Male,18.4,Severe,28.4,6.6,2,Low,84.6
2983,52,Female,30.9,Moderate,40.4,5.1,1,Low,61.4
2984,59,Female,19.9,Mild,35.7,6.4,1,Low,49.0
2985,35,Female,21.2,Moderate,42.6,5.2,0,Low,29.0
2986,48,Female,29.6,Severe,33.2,6.4,0,Moderate,77.5
2987,58,Male,32.2,Moderate,38.8,7.7,1,Low,62.1
2988,79,Male,26.5,Severe,38.0,6.1,2,Low,78.6
2989,58,Male,29.9,Severe,23.9,6.6,0,Low,90.0
2990,76,Male,29.7,Mild,48.3,4.9,0,Low,43.8
2991,65,Female,26.2,Mild,45.9,7.7,2,Low,44.4
2992,79,Female,22.1,Mild,52.7,6.4,1,Low,64.7
2993,54,Female,29.9,Moderate,41.9,8.1,1,Moderate,62.6
2994,85,Female,30.1,Moderate,32.5,7.9,0,High,69.6
2995,48,Male,31.4,Mild,36.9,5.7,1,Low,45.6
2996,44,Female,28.7,Moderate,40.5,8.6,1,Low,67.4
2997,37,Female,21.7,Mild,60.5,3.9,0,Moderate,48.0
2998,85,Female,30.4,Moderate,18.5,7.2,1,Moderate,62.2
2999,67,Female,27.2,Moderate,42.5,7.6,1,Low,62.9
3000,50,Male,24.9,Moderate,43.8,3.0,0,Moderate,27.3
